Note,Onset (ms),Offset (ms),Time_duration (ms),Score_duration,Time-Signature,Voice,Movment,Measure,Repeated
0,0,887.4666666666666,887.4666666666666,0,0,.,x,x,.
G4,887.4666666666666,2525.8666666666663,1638.3999999999996,2.0,3/2,x,1,1,0
E♭5,2525.8666666666663,2935.4666666666667,409.60000000000036,0.5,3/2,x,1,1,0
D5,2935.4666666666667,4164.266666666666,1228.7999999999997,1.5,3/2,x,1,1,0
C5,4164.266666666666,4573.866666666667,409.60000000000036,0.5,3/2,x,1,1,0
B♭4,4573.866666666667,5666.133333333334,1092.2666666666673,1.5,3/2,x,1,1,0
A4,5666.133333333334,6530.844444444444,864.7111111111099,0.0,3/2,x,1,2,0
G4,6530.844444444444,8601.6,2070.7555555555564,4.0,3/2,x,1,2,0
0,8601.6,8624.355555555554,22.755555555553656,2.0,3/2,.,1,2,0
F♯4,8624.355555555554,10285.511111111111,1661.155555555557,2.0,3/2,x,1,3,0
D5,10285.511111111111,10808.888888888889,523.3777777777777,0.5,3/2,x,1,3,0
C5,10808.888888888889,11764.622222222222,955.7333333333336,1.5,3/2,x,1,3,0
B♭4,11764.622222222222,12265.244444444445,500.62222222222226,0.5,3/2,x,1,3,0
A4,12265.244444444445,13926.4,1661.155555555555,1.5,3/2,x,1,3,0
D4,13926.4,17567.28888888889,3640.8888888888887,4.0,3/2,x,1,4,0
0,17567.28888888889,19137.422222222223,1570.133333333335,2.0,3/2,.,1,4,0
0,19137.422222222223,19160.17777777778,22.755555555555475,0,0,.,x,x,.
G5,19160.17777777778,19478.755555555555,318.57777777777665,0.5,3/4,x,2,5,0
D5,19478.755555555555,20366.222222222223,887.4666666666672,0.5,3/4,x,2,5,0
D5,20366.222222222223,20388.977777777778,22.755555555555475,0.5,3/4,x,2,5,0
D5,20388.977777777778,20411.733333333334,22.755555555555475,0.5,3/4,x,2,5,0
D5,20411.733333333334,20434.48888888889,22.755555555555475,0.25,3/4,x,2,5,0
E♭5,20434.48888888889,20457.244444444445,22.755555555555475,0.25,3/4,x,2,5,0
C5,20457.244444444445,20593.777777777777,136.53333333333285,0.25,3/4,x,2,5,0
D5,20593.777777777777,20639.28888888889,45.51111111111095,0.25,3/4,x,2,5,0
E♭5,20639.28888888889,20912.355555555558,273.06666666666933,0.5,3/4,x,2,6,0
C5,20912.355555555558,21686.044444444444,773.6888888888861,0.5,3/4,x,2,6,0
C5,21686.044444444444,21708.8,22.755555555555475,0.5,3/4,x,2,6,0
C5,21708.8,21731.555555555555,22.755555555555475,0.5,3/4,x,2,6,0
C5,21731.555555555555,21754.31111111111,22.755555555555475,0.25,3/4,x,2,6,0
D5,21754.31111111111,21868.088888888888,113.77777777777737,0.25,3/4,x,2,6,0
E♭5,21868.088888888888,21936.355555555554,68.26666666666642,0.25,3/4,x,2,6,0
C5,21936.355555555554,22072.88888888889,136.5333333333365,0.25,3/4,x,2,6,0
D5,22072.88888888889,22300.444444444445,227.55555555555475,0.5,3/4,x,2,7,0
D4,22300.444444444445,22573.51111111111,273.0666666666657,0.5,3/4,x,2,7,0
C5,22573.51111111111,22801.066666666666,227.55555555555475,0.5,3/4,x,2,7,0
D4,22801.066666666666,23096.888888888887,295.82222222222117,0.5,3/4,x,2,7,0
A5,23096.888888888887,23392.71111111111,295.8222222222248,0.5,3/4,x,2,7,0
B♭4,23392.71111111111,23483.733333333334,91.0222222222219,0.25,3/4,x,2,7,0
A4,23483.733333333334,23552.0,68.26666666666642,0.25,3/4,x,2,7,0
B♭4,23552.0,23825.06666666667,273.06666666666933,0.5,3/4,x,2,8,0
G4,23825.06666666667,24052.622222222224,227.55555555555475,0.5,3/4,x,2,8,0
D5,24052.622222222224,24280.177777777775,227.5555555555511,0.5,3/4,x,2,8,0
G4,24280.177777777775,24530.48888888889,250.31111111111386,0.5,3/4,b,2,8,0
G5,24530.48888888889,24758.044444444444,227.55555555555475,0.5,3/4,x,2,8,0
G4,24758.044444444444,25053.86666666667,295.8222222222248,0.5,3/4,b,2,8,0
B♭5,25053.86666666667,25463.466666666667,409.59999999999854,0.5,3/4,x,2,9,0
G4,25463.466666666667,25577.244444444445,113.77777777777737,0.25,3/4,b,2,9,0
A4,25577.244444444445,25645.51111111111,68.26666666666642,0.25,3/4,b,2,9,0
B♭4,25645.51111111111,25873.066666666666,227.55555555555475,0.5,3/4,x,2,9,0
A4,25873.066666666666,26100.62222222222,227.55555555555475,0.5,3/4,x,2,9,0
G4,26100.62222222222,26350.933333333334,250.31111111111386,0.5,3/4,x,2,9,0
F4,26350.933333333334,26578.48888888889,227.55555555555475,0.5,3/4,x,2,9,0
E4,26578.48888888889,26988.088888888888,409.59999999999854,0.5,3/4,b,2,10,0
G5,26988.088888888888,27261.155555555553,273.0666666666657,0.5,3/4,x,2,10,0
0,27261.155555555553,27465.955555555556,204.8000000000029,0.5,3/4,.,2,10,0
C5,27465.955555555556,27716.266666666666,250.31111111111022,0.5,3/4,x,2,10,0
G5,27716.266666666666,27921.06666666667,204.8000000000029,0.5,3/4,x,2,10,0
B♭4,27921.06666666667,28194.133333333335,273.0666666666657,0.5,3/4,x,2,10,0
A4,28194.133333333335,28467.199999999997,273.06666666666206,0.5,3/4,x,2,11,0
F4,28467.199999999997,28672.0,204.8000000000029,0.5,3/4,x,2,11,0
C5,28672.0,28922.31111111111,250.31111111111022,0.5,3/4,x,2,11,0
F4,28922.31111111111,29149.86666666667,227.55555555555839,0.5,3/4,x,2,11,0
F5,29149.86666666667,29377.422222222223,227.55555555555475,0.5,3/4,x,2,11,0
F4,29377.422222222223,29650.488888888885,273.06666666666206,0.5,3/4,b,2,11,0
A5,29650.488888888885,29991.82222222222,341.33333333333576,0.5,3/4,x,2,12,0
F4,29991.82222222222,30105.6,113.77777777777737,0.25,3/4,b,2,12,0
G4,30105.6,30196.62222222222,91.0222222222219,0.25,3/4,b,2,12,0
A4,30196.62222222222,30401.422222222223,204.8000000000029,0.5,3/4,x,2,12,0
G4,30401.422222222223,30651.733333333334,250.31111111111022,0.5,3/4,x,2,12,0
F4,30651.733333333334,30879.288888888892,227.55555555555839,0.5,3/4,x,2,12,0
E4,30879.288888888892,31152.355555555554,273.06666666666206,0.5,3/4,x,2,12,0
D4,31152.355555555554,31561.955555555556,409.6000000000022,0.5,3/4,x,2,13,0
F5,31561.955555555556,31926.044444444444,364.0888888888876,0.5,3/4,x,2,13,0
0,31926.044444444444,32085.333333333332,159.28888888888832,0.5,3/4,.,2,13,0
B♭4,32085.333333333332,32381.155555555557,295.8222222222248,0.5,3/4,x,2,13,0
F5,32381.155555555557,32563.2,182.0444444444438,0.5,3/4,x,2,13,0
A4,32563.2,32836.26666666667,273.06666666666933,0.5,3/4,x,2,13,0
G4,32836.26666666667,33132.08888888889,295.82222222221753,0.5,3/4,x,2,14,0
E4,33132.08888888889,33336.88888888888,204.79999999999563,0.5,3/4,x,2,14,0
B♭4,33336.88888888888,33609.955555555556,273.066666666673,0.5,3/4,x,2,14,0
E4,33609.955555555556,33837.51111111111,227.55555555555475,0.5,3/4,x,2,14,0
E5,33837.51111111111,34065.066666666666,227.55555555555475,0.5,3/4,x,2,14,0
E4,34065.066666666666,34338.13333333333,273.0666666666657,0.5,3/4,b,2,14,0
G5,34338.13333333333,34679.46666666667,341.33333333333576,0.5,3/4,x,2,15,0
E4,34679.46666666667,34816.0,136.53333333333285,0.25,3/4,b,2,15,0
F4,34816.0,34952.53333333333,136.53333333333285,0.25,3/4,b,2,15,0
G4,34952.53333333333,35089.066666666666,136.53333333333285,0.5,3/4,x,2,15,0
F4,35089.066666666666,35339.37777777778,250.31111111111386,0.5,3/4,x,2,15,0
E4,35339.37777777778,35566.933333333334,227.55555555555475,0.5,3/4,x,2,15,0
D4,35566.933333333334,35908.26666666667,341.33333333333576,0.5,3/4,x,2,15,0
A4,35908.26666666667,36226.84444444445,318.57777777777665,0.5,3/4,B,2,16,0
C♯5,36226.84444444445,36363.37777777778,136.53333333333285,0.25,3/4,x,2,16,0
E5,36363.37777777778,36454.4,91.0222222222219,0.25,3/4,S,2,16,0
A4,36454.4,36727.46666666667,273.0666666666657,0.5,3/4,B,2,16,0
D5,36727.46666666667,36909.51111111111,182.0444444444438,0.25,3/4,x,2,16,0
F5,36909.51111111111,36932.26666666666,22.755555555551837,0.25,3/4,S,2,16,0
A4,36932.26666666666,37182.57777777778,250.31111111111386,0.5,3/4,B,2,16,0
E5,37182.57777777778,37273.6,91.0222222222219,0.25,3/4,x,2,16,0
G5,37273.6,37410.13333333333,136.53333333333285,0.25,3/4,S,2,16,0
A4,37410.13333333333,37637.688888888886,227.55555555555475,0.5,3/4,B,2,17,0
F5,37637.688888888886,37751.46666666667,113.77777777778101,0.25,3/4,x,2,17,0
A5,37751.46666666667,37865.24444444444,113.77777777777374,0.25,3/4,S,2,17,0
A4,37865.24444444444,38138.31111111111,273.0666666666657,0.5,3/4,B,2,17,0
E5,38138.31111111111,38229.333333333336,91.02222222222917,0.25,3/4,x,2,17,0
G5,38229.333333333336,38343.11111111112,113.77777777778101,0.25,3/4,S,2,17,0
A4,38343.11111111112,38593.42222222222,250.31111111110658,0.5,3/4,B,2,17,0
D5,38593.42222222222,38707.2,113.77777777777374,0.25,3/4,x,2,17,0
F5,38707.2,38843.73333333333,136.53333333333285,0.25,3/4,S,2,17,0
A4,38843.73333333333,39230.57777777778,386.8444444444467,0.5,3/4,B,2,18,0
C♯5,39230.57777777778,39344.35555555556,113.77777777778101,0.25,3/4,x,2,18,0
E5,39344.35555555556,39458.13333333334,113.77777777778101,0.25,3/4,S,2,18,0
A4,39458.13333333334,40254.57777777778,796.444444444438,1.0,3/4,B,2,18,0
0,40254.57777777778,41073.77777777778,819.2000000000044,1.0,3/4,.,2,18,0
A5,41073.77777777778,41164.8,91.0222222222219,0.25,3/4,x,2,19,0
G5,41164.8,41278.57777777778,113.77777777777374,0.25,3/4,x,2,19,0
F5,41278.57777777778,41369.6,91.0222222222219,0.25,3/4,x,2,19,0
E5,41369.6,41460.62222222222,91.0222222222219,0.25,3/4,x,2,19,0
D5,41460.62222222222,41688.17777777778,227.55555555556202,0.5,3/4,x,2,19,0
F4,41688.17777777778,41984.0,295.82222222221753,0.5,3/4,b,2,19,0
G4,41984.0,42211.555555555555,227.55555555555475,0.5,3/4,b,2,19,0
E4,42211.555555555555,42530.13333333333,318.57777777777665,0.5,3/4,b,2,19,0
A5,42530.13333333333,42666.666666666664,136.53333333333285,0.25,3/4,x,2,20,0
G5,42666.666666666664,42780.44444444444,113.77777777777374,0.25,3/4,x,2,20,0
F5,42780.44444444444,42962.48888888889,182.04444444445107,0.25,3/4,x,2,20,0
E5,42962.48888888889,42985.24444444445,22.755555555559113,0.25,3/4,x,2,20,0
D5,42985.24444444445,43235.555555555555,250.31111111110658,0.5,3/4,x,2,20,0
G4,43235.555555555555,43485.86666666667,250.31111111111386,0.5,3/4,x,2,20,0
A4,43485.86666666667,43713.42222222222,227.55555555555475,0.5,3/4,x,2,20,0
F4,43713.42222222222,44077.51111111111,364.0888888888876,0.5,3/4,x,2,20,0
B♭5,44077.51111111111,44418.84444444445,341.33333333333576,0.25,3/4,x,2,21,0
A5,44418.84444444445,44441.6,22.755555555551837,0.25,3/4,x,2,21,0
G5,44441.6,44555.37777777778,113.77777777778101,0.25,3/4,x,2,21,0
F5,44555.37777777778,44691.91111111111,136.53333333333285,0.25,3/4,x,2,21,0
E5,44691.91111111111,44782.933333333334,91.0222222222219,0.25,3/4,x,2,21,0
F5,44782.933333333334,44942.22222222222,159.28888888888469,0.25,3/4,x,2,21,0
G5,44942.22222222222,45056.0,113.77777777778101,0.25,3/4,x,2,21,0
A5,45056.0,45124.26666666666,68.26666666666279,0.25,3/4,x,2,21,0
G5,45124.26666666666,45283.55555555556,159.28888888889924,0.25,3/4,x,2,21,0
F5,45283.55555555556,45442.84444444445,159.28888888888469,0.25,3/4,x,2,21,0
E5,45442.84444444445,45465.6,22.755555555551837,0.25,3/4,x,2,21,0
D5,45465.6,45579.37777777778,113.77777777778101,0.25,3/4,x,2,21,0
C♯5,45579.37777777778,45624.88888888889,45.51111111111095,0.25,3/4,x,2,22,0
D5,45624.88888888889,45897.955555555556,273.0666666666657,0.25,3/4,x,2,22,0
E5,45897.955555555556,45920.71111111111,22.755555555551837,0.25,3/4,x,2,22,0
F5,45920.71111111111,46011.73333333333,91.0222222222219,0.25,3/4,x,2,22,0
E5,46011.73333333333,46125.51111111111,113.77777777778101,0.25,3/4,x,2,22,0
D5,46125.51111111111,46239.288888888885,113.77777777777374,0.25,3/4,x,2,22,0
C♯5,46239.288888888885,46284.799999999996,45.51111111111095,0.25,3/4,x,2,22,0
B4,46284.799999999996,46330.31111111111,45.51111111111095,0.25,3/4,x,2,22,0
A4,46330.31111111111,46535.11111111112,204.8000000000102,0.25,3/4,x,2,22,0
G4,46535.11111111112,46648.88888888889,113.77777777777374,0.25,3/4,x,2,22,0
F4,46648.88888888889,46762.66666666667,113.77777777778101,0.25,3/4,x,2,22,0
E4,46762.66666666667,46853.688888888886,91.02222222221462,0.25,3/4,x,2,22,0
F4,46853.688888888886,47149.51111111111,295.8222222222248,0.5,3/4,b,2,23,0
A5,47149.51111111111,47422.57777777778,273.0666666666657,0.5,3/4,S,2,23,0
G4,47422.57777777778,47650.13333333334,227.55555555556202,0.5,3/4,b,2,23,0
D5,47650.13333333334,47877.68888888889,227.55555555555475,0.5,3/4,S,2,23,0
A4,47877.68888888889,48128.0,250.31111111110658,0.5,3/4,B,2,23,0
C♯5,48128.0,48173.51111111111,45.51111111111095,0.5,3/4,S,2,23,0
D5,48173.51111111111,48719.64444444444,546.1333333333314,0.5,3/4,S,2,24,0
A4,48719.64444444444,48992.711111111115,273.066666666673,0.5,3/4,B,2,24,0
D4,48992.711111111115,50107.73333333334,1115.022222222222,1.0,3/4,B,2,24,0
0,50107.73333333334,52724.62222222222,2616.8888888888832,1.0,3/4,.,2,24,0
0,52724.62222222222,52747.37777777778,22.755555555559113,0,0,.,x,x,.
D5,52747.37777777778,54294.75555555555,1547.3777777777723,2.0,3/2,x,3,25,0
B♭5,54294.75555555555,54886.4,591.6444444444496,0.5,3/2,x,3,25,0
A5,54886.4,55705.6,819.1999999999971,1.5,3/2,x,3,25,0
G5,55705.6,56115.200000000004,409.6000000000058,0.5,3/2,x,3,25,0
F5,56115.200000000004,57070.933333333334,955.7333333333299,1.5,3/2,x,3,25,0
E5,57070.933333333334,57867.37777777777,796.444444444438,0.0,3/2,x,3,26,0
D5,57867.37777777777,60620.8,2753.4222222222306,4.0,3/2,x,3,26,0
0,60620.8,60643.555555555555,22.755555555551837,2.0,3/2,.,3,26,0
C♯5,60643.555555555555,62122.666666666664,1479.1111111111095,2.0,3/2,x,3,27,0
A5,62122.666666666664,62532.26666666666,409.59999999999854,0.5,3/2,x,3,27,0
G5,62532.26666666666,63442.48888888889,910.2222222222263,1.5,3/2,x,3,27,0
F5,63442.48888888889,64216.177777777775,773.6888888888861,0.5,3/2,x,3,27,0
E5,64216.177777777775,65399.46666666667,1183.288888888892,1.5,3/2,x,3,27,0
A4,65399.46666666667,68767.28888888888,3367.8222222222175,4.0,3/2,x,3,28,0
0,68767.28888888888,70906.3111111111,2139.022222222222,2.0,3/2,.,3,28,0
0,70906.3111111111,70929.06666666667,22.755555555559113,0,0,.,x,x,.
D6,70929.06666666667,71224.88888888889,295.8222222222248,0.5,3/4,x,4,29,0
A5,71224.88888888889,72021.33333333333,796.444444444438,0.5,3/4,x,4,29,0
A5,72021.33333333333,72044.08888888889,22.755555555559113,0.5,3/4,x,4,29,0
A5,72044.08888888889,72066.84444444445,22.755555555559113,0.5,3/4,x,4,29,0
A5,72066.84444444445,72089.6,22.755555555559113,0.25,3/4,x,4,29,0
B♭5,72089.6,72203.37777777777,113.77777777776646,0.25,3/4,x,4,29,0
G5,72203.37777777777,72339.91111111111,136.53333333334012,0.25,3/4,x,4,29,0
A5,72339.91111111111,72362.66666666667,22.755555555559113,0.25,3/4,x,4,29,0
B♭5,72362.66666666667,72635.73333333334,273.0666666666657,0.5,3/4,x,4,30,0
G5,72635.73333333334,73454.93333333333,819.1999999999971,0.5,3/4,x,4,30,0
G5,73454.93333333333,73477.6888888889,22.755555555559113,0.5,3/4,x,4,30,0
G5,73477.6888888889,73500.44444444444,22.75555555554456,0.5,3/4,x,4,30,0
G5,73500.44444444444,73523.2,22.755555555559113,0.25,3/4,x,4,30,0
A5,73523.2,73568.71111111112,45.511111111118225,0.25,3/4,x,4,30,0
B♭5,73568.71111111112,73682.48888888888,113.77777777776646,0.25,3/4,x,4,30,0
G5,73682.48888888888,73819.02222222222,136.53333333334012,0.25,3/4,x,4,30,0
A5,73819.02222222222,74001.06666666668,182.04444444445835,0.5,3/4,x,4,31,0
A4,74001.06666666668,74251.37777777777,250.31111111109203,0.5,3/4,b,4,31,0
G5,74251.37777777777,74501.6888888889,250.31111111112114,0.5,3/4,x,4,31,0
A4,74501.6888888889,74752.0,250.31111111110658,0.5,3/4,b,4,31,0
E6,74752.0,75070.57777777777,318.57777777776937,0.5,3/4,x,4,31,0
F5,75070.57777777777,75184.35555555555,113.77777777778101,0.25,3/4,x,4,31,0
E5,75184.35555555555,75252.62222222223,68.26666666667734,0.25,3/4,x,4,31,0
F5,75252.62222222223,75571.20000000001,318.5777777777839,0.5,3/4,x,4,32,0
D5,75571.20000000001,75844.26666666666,273.06666666665114,0.5,3/4,x,4,32,0
A5,75844.26666666666,76094.57777777777,250.31111111110658,0.5,3/4,x,4,32,0
G5,76094.57777777777,76344.88888888889,250.31111111112114,0.5,3/4,x,4,32,0
F♯5,76344.88888888889,76549.6888888889,204.8000000000029,0.5,3/4,x,4,32,0
D5,76549.6888888889,76572.44444444444,22.75555555554456,0.5,3/4,x,4,32,0
B4,76572.44444444444,77004.8,432.35555555556493,0.25,3/4,x,4,33,0
A4,77004.8,77118.57777777777,113.77777777776646,0.25,3/4,x,4,33,0
G4,77118.57777777777,77232.35555555555,113.77777777778101,0.25,3/4,x,4,33,0
A4,77232.35555555555,77346.13333333333,113.77777777778101,0.25,3/4,x,4,33,0
B4,77346.13333333333,77437.15555555555,91.0222222222219,0.25,3/4,x,4,33,0
C5,77437.15555555555,77550.93333333333,113.77777777778101,0.25,3/4,x,4,33,0
D5,77550.93333333333,77664.71111111112,113.77777777778101,0.25,3/4,x,4,33,0
E♭5,77664.71111111112,77778.48888888888,113.77777777776646,0.25,3/4,x,4,33,0
F5,77778.48888888888,78392.88888888889,614.4000000000087,1.0,3/4,x,4,33,0
E♭5,78392.88888888889,78734.22222222223,341.33333333334303,0.5,3/4,x,4,34,0
C5,78734.22222222223,79052.8,318.57777777776937,0.5,3/4,x,4,34,0
G5,79052.8,79303.11111111111,250.31111111110658,0.5,3/4,x,4,34,0
F5,79303.11111111111,79712.7111111111,409.59999999999127,0.5,3/4,x,4,34,0
E5,79712.7111111111,79780.97777777778,68.26666666667734,0.5,3/4,x,4,34,0
B♭4,79780.97777777778,80054.04444444444,273.0666666666657,0.5,3/4,x,4,34,0
A4,80054.04444444444,80213.33333333334,159.28888888889924,0.25,3/4,x,4,35,0
G4,80213.33333333334,80327.11111111111,113.77777777776646,0.25,3/4,x,4,35,0
F4,80327.11111111111,80463.64444444444,136.53333333332557,0.25,3/4,x,4,35,0
G4,80463.64444444444,80554.66666666666,91.0222222222219,0.25,3/4,x,4,35,0
A4,80554.66666666666,80645.68888888888,91.0222222222219,0.25,3/4,x,4,35,0
B♭4,80645.68888888888,80736.7111111111,91.0222222222219,0.25,3/4,x,4,35,0
C5,80736.7111111111,80873.24444444444,136.53333333334012,0.25,3/4,x,4,35,0
D5,80873.24444444444,81055.2888888889,182.04444444445835,0.25,3/4,x,4,35,0
E♭5,81055.2888888889,81578.66666666666,523.3777777777577,1.0,3/4,x,4,35,0
D5,81578.66666666666,81942.75555555554,364.0888888888876,0.5,3/4,S,4,36,0
B♭4,81942.75555555554,82193.06666666667,250.31111111112114,0.5,3/4,B,4,36,0
E♭5,82193.06666666667,82420.62222222223,227.55555555556202,0.5,3/4,S,4,36,0
G4,82420.62222222223,82648.17777777778,227.55555555554747,0.5,3/4,B,4,36,0
F5,82648.17777777778,82921.24444444444,273.0666666666657,0.5,3/4,S,4,36,0
D4,82921.24444444444,83217.06666666667,295.8222222222248,0.5,3/4,b,4,36,0
G5,83217.06666666667,83512.88888888889,295.8222222222248,0.5,3/4,S,4,37,0
E♭4,83512.88888888889,83763.2,250.31111111110658,0.5,3/4,b,4,37,0
F5,83763.2,84013.51111111112,250.31111111112114,0.5,3/4,S,4,37,0
D4,84013.51111111112,84241.06666666667,227.55555555554747,0.5,3/4,b,4,37,0
G5,84241.06666666667,84536.88888888888,295.82222222221026,0.5,3/4,S,4,37,0
E♭4,84536.88888888888,84764.44444444445,227.55555555557657,0.5,3/4,b,4,37,0
F5,84764.44444444445,85083.02222222222,318.57777777776937,0.5,3/4,S,4,38,0
D5,85083.02222222222,85356.08888888889,273.0666666666657,0.5,3/4,x,4,38,0
G5,85356.08888888889,85651.9111111111,295.82222222221026,0.5,3/4,S,4,38,0
E♭4,85651.9111111111,85833.95555555556,182.04444444445835,0.5,3/4,b,4,38,0
A5,85833.95555555556,86084.26666666666,250.31111111110658,0.5,3/4,S,4,38,0
F4,86084.26666666666,86311.82222222222,227.55555555556202,0.5,3/4,b,4,38,0
B♭5,86311.82222222222,86607.64444444445,295.8222222222248,0.5,3/4,S,4,39,0
G4,86607.64444444445,86812.44444444444,204.79999999998836,0.5,3/4,b,4,39,0
A5,86812.44444444444,87108.26666666666,295.8222222222248,0.5,3/4,S,4,39,0
F4,87108.26666666666,87335.82222222222,227.55555555556202,0.5,3/4,b,4,39,0
B♭5,87335.82222222222,87608.88888888889,273.0666666666657,0.5,3/4,S,4,39,0
G4,87608.88888888889,87972.97777777778,364.0888888888876,0.5,3/4,b,4,39,0
C5,87972.97777777778,88428.08888888889,455.1111111111095,0.5,3/4,B,4,40,0
E♭5,88428.08888888889,88496.35555555555,68.26666666666279,0.25,3/4,x,4,40,0
F5,88496.35555555555,88587.37777777777,91.0222222222219,0.25,3/4,x,4,40,0
G5,88587.37777777777,88860.44444444444,273.0666666666657,0.5,3/4,x,4,40,0
E♭5,88860.44444444444,89133.5111111111,273.0666666666657,0.5,3/4,x,4,40,0
D5,89133.5111111111,89338.3111111111,204.8000000000029,0.5,3/4,x,4,40,0
E♭5,89338.3111111111,89634.13333333333,295.8222222222248,0.5,3/4,x,4,40,0
B♭4,89634.13333333333,90089.24444444444,455.1111111111095,0.5,3/4,B,4,41,0
E♭5,90089.24444444444,90157.5111111111,68.26666666666279,0.25,3/4,x,4,41,0
F5,90157.5111111111,90225.77777777778,68.26666666667734,0.25,3/4,x,4,41,0
G5,90225.77777777778,90498.84444444445,273.0666666666657,0.5,3/4,x,4,41,0
E♭5,90498.84444444445,90794.66666666667,295.8222222222248,0.5,3/4,x,4,41,0
D5,90794.66666666667,91136.0,341.3333333333285,0.5,3/4,x,4,41,0
E♭5,91136.0,91295.28888888888,159.28888888888469,0.5,3/4,x,4,41,0
A4,91295.28888888888,91750.4,455.1111111111095,0.5,3/4,B,4,42,0
E♭5,91750.4,91818.66666666667,68.26666666667734,0.25,3/4,x,4,42,0
F5,91818.66666666667,91909.6888888889,91.0222222222219,0.25,3/4,x,4,42,0
G5,91909.6888888889,92182.75555555556,273.0666666666657,0.5,3/4,x,4,42,0
E♭5,92182.75555555556,92501.33333333333,318.57777777776937,0.5,3/4,x,4,42,0
D5,92501.33333333333,92706.13333333333,204.8000000000029,0.5,3/4,x,4,42,0
E♭5,92706.13333333333,93024.71111111112,318.5777777777839,0.5,3/4,x,4,42,0
F4,93024.71111111112,93366.04444444444,341.3333333333285,0.5,3/4,x,4,43,0
A4,93366.04444444444,93639.11111111111,273.0666666666657,0.5,3/4,x,4,43,0
C5,93639.11111111111,93934.93333333333,295.8222222222248,0.5,3/4,x,4,43,0
E5,93934.93333333333,94617.59999999999,682.666666666657,1.0,3/4,x,4,43,0
F5,94617.59999999999,95027.2,409.6000000000058,0.5,3/4,x,4,43,0
D5,95027.2,95436.8,409.6000000000058,0.5,3/4,B,4,44,0
F5,95436.8,95755.37777777779,318.5777777777839,0.5,3/4,x,4,44,0
B♭5,95755.37777777779,95960.17777777778,204.79999999998836,0.5,3/4,S,4,44,0
D5,95960.17777777778,96210.4888888889,250.31111111112114,0.5,3/4,B,4,44,0
C5,96210.4888888889,96506.31111111112,295.8222222222248,0.5,3/4,B,4,44,0
A5,96506.31111111112,96733.86666666667,227.55555555554747,0.5,3/4,S,4,44,0
B♭4,96733.86666666667,97052.44444444445,318.5777777777839,0.5,3/4,B,4,45,0
D5,97052.44444444445,97325.51111111112,273.0666666666657,0.5,3/4,x,4,45,0
G5,97325.51111111112,97507.55555555556,182.0444444444438,0.5,3/4,S,4,45,0
B♭4,97507.55555555556,97780.62222222221,273.06666666665114,0.5,3/4,B,4,45,0
A4,97780.62222222221,98030.93333333333,250.31111111112114,0.5,3/4,B,4,45,0
F5,98030.93333333333,98258.4888888889,227.55555555556202,0.5,3/4,S,4,45,0
G4,98258.4888888889,98531.55555555556,273.0666666666657,0.5,3/4,B,4,46,0
B♭4,98531.55555555556,98781.86666666667,250.31111111110658,0.5,3/4,x,4,46,0
E♭5,98781.86666666667,98986.66666666667,204.8000000000029,0.5,3/4,S,4,46,0
G4,98986.66666666667,99214.22222222222,227.55555555554747,0.5,3/4,B,4,46,0
F4,99214.22222222222,99487.28888888888,273.0666666666657,0.5,3/4,B,4,46,0
D5,99487.28888888888,99737.6,250.31111111112114,0.5,3/4,S,4,46,0
E♭4,99737.6,100033.42222222223,295.8222222222248,0.5,3/4,B,4,47,0
G4,100033.42222222223,100283.73333333334,250.31111111110658,0.5,3/4,x,4,47,0
C5,100283.73333333334,100488.53333333334,204.8000000000029,0.5,3/4,S,4,47,0
E♭4,100488.53333333334,100738.84444444443,250.31111111109203,0.5,3/4,B,4,47,0
D4,100738.84444444443,100989.15555555555,250.31111111112114,0.5,3/4,B,4,47,0
B♭4,100989.15555555555,101216.71111111112,227.55555555556202,0.5,3/4,S,4,47,0
E♭4,101216.71111111112,101717.33333333333,500.62222222221317,0.5,3/4,b,4,48,0
G5,101717.33333333333,101944.88888888888,227.55555555554747,0.5,3/4,x,4,48,0
F5,101944.88888888888,102172.44444444445,227.55555555557657,0.5,3/4,x,4,48,0
B♭4,102172.44444444445,102422.75555555556,250.31111111110658,0.5,3/4,x,4,48,0
F4,102422.75555555556,102673.06666666667,250.31111111110658,0.5,3/4,b,4,48,0
A5,102673.06666666667,102923.37777777777,250.31111111110658,0.5,3/4,x,4,48,0
G4,102923.37777777777,103264.71111111112,341.33333333334303,0.5,3/4,b,4,49,0
A5,103264.71111111112,103492.26666666666,227.55555555554747,0.5,3/4,x,4,49,0
B♭5,103492.26666666666,103719.82222222222,227.55555555556202,0.5,3/4,x,4,49,0
G5,103719.82222222222,103970.13333333333,250.31111111110658,0.5,3/4,x,4,49,0
A4,103970.13333333333,104265.95555555556,295.8222222222248,0.5,3/4,b,4,49,0
C6,104265.95555555556,104516.26666666666,250.31111111110658,0.5,3/4,x,4,49,0
B♭4,104516.26666666666,104812.08888888889,295.8222222222248,0.5,3/4,b,4,50,0
D6,104812.08888888889,104903.11111111111,91.0222222222219,0.25,3/4,x,4,50,0
C6,104903.11111111111,105016.88888888889,113.77777777778101,0.25,3/4,x,4,50,0
D6,105016.88888888889,105289.95555555556,273.0666666666657,0.5,3/4,x,4,50,0
B♭4,105289.95555555556,105494.75555555556,204.8000000000029,0.5,3/4,b,4,50,0
F4,105494.75555555556,105813.33333333333,318.57777777776937,0.5,3/4,b,4,50,0
A5,105813.33333333333,106063.64444444445,250.31111111112114,0.5,3/4,x,4,50,0
G4,106063.64444444445,106450.48888888888,386.84444444443216,0.5,3/4,b,4,51,0
B♭5,106450.48888888888,106564.26666666666,113.77777777778101,0.25,3/4,x,4,51,0
A5,106564.26666666666,106632.53333333333,68.26666666666279,0.25,3/4,x,4,51,0
B♭5,106632.53333333333,107155.91111111111,523.3777777777868,1.0,3/4,x,4,51,0
0,107155.91111111111,108248.17777777779,1092.2666666666773,1.0,3/4,.,4,51,0
E♭4,108248.17777777779,108953.59999999999,705.4222222222015,0.5,3/4,b,4,52,0
C5,108953.59999999999,109272.17777777779,318.5777777777985,0.5,3/4,x,4,52,0
B4,109272.17777777779,109522.48888888888,250.31111111109203,0.5,3/4,x,4,52,0
C5,109522.48888888888,109795.55555555555,273.0666666666657,0.5,3/4,x,4,52,0
G5,109795.55555555555,110068.62222222221,273.0666666666657,0.5,3/4,x,4,52,0
C5,110068.62222222221,110387.20000000001,318.5777777777985,0.5,3/4,x,4,52,0
D4,110387.20000000001,110796.8,409.59999999999127,0.5,3/4,x,4,53,0
F♯4,110796.8,110933.33333333334,136.53333333334012,0.25,3/4,x,4,53,0
A4,110933.33333333334,111069.86666666667,136.53333333332557,0.25,3/4,x,4,53,0
D4,111069.86666666667,111365.68888888888,295.82222222221026,0.5,3/4,x,4,53,0
G4,111365.68888888888,111502.22222222222,136.53333333334012,0.25,3/4,x,4,53,0
B♭4,111502.22222222222,111593.24444444446,91.02222222223645,0.25,3/4,x,4,53,0
D4,111593.24444444446,111889.06666666667,295.82222222221026,0.5,3/4,x,4,53,0
A4,111889.06666666667,112002.84444444445,113.77777777778101,0.25,3/4,x,4,53,0
C5,112002.84444444445,112116.62222222221,113.77777777776646,0.25,3/4,x,4,53,0
D4,112116.62222222221,112344.17777777778,227.55555555556202,0.5,3/4,x,4,54,0
B♭4,112344.17777777778,112457.95555555556,113.77777777778101,0.25,3/4,x,4,54,0
D5,112457.95555555556,112594.4888888889,136.53333333334012,0.25,3/4,x,4,54,0
D4,112594.4888888889,112890.31111111112,295.8222222222248,0.5,3/4,x,4,54,0
A4,112890.31111111112,113004.08888888889,113.77777777776646,0.25,3/4,x,4,54,0
C5,113004.08888888889,113117.86666666667,113.77777777778101,0.25,3/4,x,4,54,0
D4,113117.86666666667,113436.44444444445,318.5777777777839,0.5,3/4,x,4,54,0
G4,113436.44444444445,113550.22222222222,113.77777777776646,0.25,3/4,x,4,54,0
B♭4,113550.22222222222,113641.24444444444,91.0222222222219,0.25,3/4,x,4,54,0
D4,113641.24444444444,114141.86666666667,500.6222222222277,0.5,3/4,x,4,55,0
F♯4,114141.86666666667,114278.40000000001,136.53333333334012,0.25,3/4,x,4,55,0
A4,114278.40000000001,114392.17777777778,113.77777777776646,0.25,3/4,x,4,55,0
D4,114392.17777777778,115575.46666666667,1183.2888888888992,1.0,3/4,x,4,55,0
0,115575.46666666667,117691.73333333334,2116.266666666663,1.0,3/4,.,4,55,0
0,117691.73333333334,117714.4888888889,22.755555555559113,0,0,.,x,x,.
F♯4,117714.4888888889,118374.4,659.9111111110979,0.25,4/4,x,5,56,0
A4,118374.4,118715.73333333334,341.33333333334303,0.25,4/4,x,5,56,0
C5,118715.73333333334,119284.62222222223,568.8888888888905,0.25,4/4,x,5,56,0
E♭5,119284.62222222223,119762.48888888888,477.86666666665406,0.25,4/4,x,5,56,0
E♭5,119762.48888888888,119785.24444444444,22.755555555559113,0.0,4/4,x,5,56,0
D5,119785.24444444444,120558.93333333333,773.6888888888934,0.75,4/4,x,5,56,0
C5,120558.93333333333,120923.02222222222,364.0888888888876,0.25,4/4,x,5,56,0
G4,120923.02222222222,121287.11111111111,364.0888888888876,0.25,4/4,x,5,56,0
B♭4,121287.11111111111,121537.42222222222,250.31111111110658,0.25,4/4,x,5,56,0
D5,121537.42222222222,121901.5111111111,364.0888888888876,0.25,4/4,x,5,56,0
G5,121901.5111111111,122857.24444444444,955.7333333333372,0.25,4/4,x,5,56,0
0,122857.24444444444,123380.62222222223,523.3777777777868,0.5,4/4,.,5,56,0
F4,123380.62222222223,124245.33333333333,864.7111111111008,0.5,4/4,x,5,56,0
E4,124245.33333333333,124814.22222222223,568.8888888889051,0.25,4/4,x,5,57,0
G4,124814.22222222223,125178.31111111112,364.0888888888876,0.25,4/4,x,5,57,0
B♭4,125178.31111111112,125428.62222222221,250.31111111109203,0.25,4/4,x,5,57,0
D5,125428.62222222221,125747.20000000001,318.5777777777985,0.25,4/4,x,5,57,0
C5,125747.20000000001,126225.06666666667,477.86666666665406,0.25,4/4,x,5,57,0
G5,126225.06666666667,127317.33333333334,1092.2666666666773,0.5,4/4,x,5,57,0
B♭4,127317.33333333334,127681.42222222223,364.0888888888876,0.25,4/4,x,5,57,0
F4,127681.42222222223,128159.28888888888,477.86666666665406,0.25,4/4,x,5,57,0
A4,128159.28888888888,128432.35555555555,273.0666666666657,0.25,4/4,x,5,57,0
C5,128432.35555555555,128750.93333333333,318.5777777777839,0.25,4/4,x,5,57,0
F5,128750.93333333333,129501.86666666667,750.9333333333343,0.25,4/4,x,5,57,0
0,129501.86666666667,130753.42222222222,1251.5555555555475,1.0,4/4,.,5,57,0
F4,130753.42222222222,131208.53333333333,455.1111111111095,0.25,4/4,x,5,58,0
B♭4,131208.53333333333,131527.11111111112,318.5777777777985,0.25,4/4,x,5,58,0
D5,131527.11111111112,131913.95555555556,386.84444444443216,0.25,4/4,x,5,58,0
F5,131913.95555555556,132937.95555555556,1024.0,0.25,4/4,x,5,58,0
0,132937.95555555556,134075.73333333334,1137.777777777781,1.0,4/4,.,5,58,0
F4,134075.73333333334,134576.35555555555,500.62222222221317,0.25,4/4,x,5,58,0
A4,134576.35555555555,134894.93333333335,318.5777777777985,0.25,4/4,x,5,58,0
C5,134894.93333333335,135213.5111111111,318.57777777774027,0.25,4/4,x,5,58,0
F5,135213.5111111111,135509.33333333334,295.8222222222539,0.25,4/4,x,5,58,0
E4,135509.33333333334,136009.95555555556,500.62222222221317,0.25,4/4,x,5,58,0
G4,136009.95555555556,136283.02222222224,273.06666666668025,0.25,4/4,x,5,58,0
C5,136283.02222222224,136578.84444444446,295.8222222222248,0.25,4/4,x,5,58,0
G5,136578.84444444446,136942.93333333335,364.0888888888876,0.25,4/4,x,5,58,0
F4,136942.93333333335,137443.55555555556,500.62222222221317,0.25,4/4,b,5,59,0
A5,137443.55555555556,137762.13333333333,318.57777777776937,0.25,4/4,S,5,59,0
D5,137762.13333333333,138262.75555555554,500.62222222221317,0.25,4/4,B,5,59,0
B♭5,138262.75555555554,138444.8,182.0444444444438,0.25,4/4,S,5,59,0
C5,138444.8,138786.13333333333,341.33333333334303,0.25,4/4,B,5,59,0
A5,138786.13333333333,139059.2,273.06666666668025,0.25,4/4,S,5,59,0
B♭4,139059.2,139400.53333333333,341.33333333331393,0.25,4/4,B,5,59,0
G5,139400.53333333333,139696.35555555555,295.8222222222248,0.25,4/4,S,5,59,0
A4,139696.35555555555,140242.48888888888,546.1333333333314,0.25,4/4,B,5,59,0
F5,140242.48888888888,140583.8222222222,341.33333333331393,0.25,4/4,S,5,59,0
B♭4,140583.8222222222,140993.42222222223,409.6000000000349,0.25,4/4,B,5,59,0
D6,140993.42222222223,141266.48888888888,273.06666666665114,0.25,4/4,S,5,59,0
A4,141266.48888888888,141562.3111111111,295.8222222222248,0.25,4/4,b,5,59,0
C6,141562.3111111111,141835.3777777778,273.06666666668025,0.25,4/4,S,5,59,0
G4,141835.3777777778,142153.95555555556,318.57777777776937,0.25,4/4,b,5,59,0
B♭5,142153.95555555556,142540.8,386.84444444443216,0.25,4/4,S,5,59,0
F4,142540.8,143041.42222222223,500.62222222224227,0.25,4/4,b,5,60,0
A5,143041.42222222223,143542.04444444444,500.62222222221317,0.25,4/4,S,5,60,0
D5,143542.04444444444,144019.9111111111,477.8666666666686,0.25,4/4,B,5,60,0
B♭5,144019.9111111111,144292.97777777776,273.06666666665114,0.25,4/4,S,5,60,0
C5,144292.97777777776,144634.3111111111,341.33333333334303,0.25,4/4,B,5,60,0
A5,144634.3111111111,144884.6222222222,250.31111111110658,0.25,4/4,S,5,60,0
B♭4,144884.6222222222,145203.2,318.5777777777985,0.25,4/4,B,5,60,0
G5,145203.2,145544.53333333333,341.33333333331393,0.25,4/4,S,5,60,0
A4,145544.53333333333,146136.17777777778,591.6444444444496,0.25,4/4,b,5,60,0
G5,146136.17777777778,146523.0222222222,386.84444444443216,0.25,4/4,x,5,60,0
F5,146523.0222222222,146818.84444444443,295.8222222222248,0.25,4/4,x,5,60,0
C6,146818.84444444443,147160.17777777778,341.33333333334303,0.25,4/4,x,5,60,0
G4,147160.17777777778,147638.04444444444,477.8666666666686,0.25,4/4,b,5,60,0
F5,147638.04444444444,147979.3777777778,341.33333333334303,0.25,4/4,x,5,60,0
E5,147979.3777777778,148275.2,295.8222222222248,0.25,4/4,x,5,60,0
B♭5,148275.2,148593.77777777778,318.57777777776937,0.25,4/4,x,5,60,0
F4,148593.77777777778,149094.4,500.62222222221317,0.25,4/4,x,5,61,0
A4,149094.4,149435.73333333334,341.33333333334303,0.25,4/4,x,5,61,0
C5,149435.73333333334,149731.55555555556,295.8222222222248,0.25,4/4,x,5,61,0
F5,149731.55555555556,150004.6222222222,273.06666666665114,0.25,4/4,x,5,61,0
F4,150004.6222222222,150528.0,523.3777777777868,0.25,4/4,b,5,61,0
D5,150528.0,150937.6,409.6000000000058,0.25,4/4,x,5,61,0
F5,150937.6,151256.17777777778,318.57777777776937,0.25,4/4,x,5,61,0
B♭5,151256.17777777778,151597.51111111112,341.33333333334303,0.25,4/4,x,5,61,0
F4,151597.51111111112,152143.64444444445,546.1333333333314,0.25,4/4,x,5,61,0
A4,152143.64444444445,152462.22222222222,318.57777777776937,0.25,4/4,x,5,61,0
C5,152462.22222222222,152940.0888888889,477.8666666666686,0.25,4/4,x,5,61,0
F5,152940.0888888889,153668.26666666666,728.1777777777752,0.25,4/4,x,5,61,0
0,153668.26666666666,155739.0222222222,2070.7555555555446,1.0,4/4,.,5,61,0
0,155739.0222222222,155761.77777777778,22.755555555573665,0,0,.,x,x,.
F5,155761.77777777778,155966.5777777778,204.80000000001746,0.25,3/4,x,6,62,0
E♭5,155966.5777777778,156034.84444444443,68.26666666663368,0.25,3/4,x,6,62,0
D5,156034.84444444443,156148.62222222224,113.77777777781012,0.25,3/4,x,6,62,0
C5,156148.62222222224,156194.13333333333,45.51111111108912,0.25,3/4,x,6,62,0
B♭4,156194.13333333333,156467.19999999998,273.06666666665114,0.5,3/4,x,6,62,0
D4,156467.19999999998,156785.77777777778,318.5777777777985,0.5,3/4,x,6,62,0
E♭4,156785.77777777778,157013.3333333333,227.55555555553292,0.5,3/4,x,6,62,0
D4,157013.3333333333,157286.4,273.06666666668025,0.5,3/4,x,6,62,0
F5,157286.4,157468.44444444447,182.0444444444729,0.25,3/4,x,6,63,0
E♭5,157468.44444444447,157491.19999999998,22.755555555515457,0.25,3/4,x,6,63,0
D5,157491.19999999998,157650.4888888889,159.28888888892834,0.25,3/4,x,6,63,0
C5,157650.4888888889,157696.0,45.51111111108912,0.25,3/4,x,6,63,0
B♭4,157696.0,157969.06666666665,273.06666666665114,0.5,3/4,x,6,63,0
D4,157969.06666666665,158264.88888888888,295.8222222222248,0.5,3/4,x,6,63,0
E♭4,158264.88888888888,158492.44444444444,227.55555555556202,0.5,3/4,x,6,63,0
D4,158492.44444444444,158856.53333333335,364.0888888889167,0.5,3/4,x,6,63,0
B♭5,158856.53333333335,159106.84444444446,250.31111111110658,0.25,3/4,x,6,64,0
A5,159106.84444444446,159152.35555555555,45.51111111108912,0.25,3/4,x,6,64,0
G5,159152.35555555555,159266.13333333333,113.77777777778101,0.25,3/4,x,6,64,0
F5,159266.13333333333,159402.6666666667,136.53333333335468,0.25,3/4,x,6,64,0
E♭5,159402.6666666667,159493.6888888889,91.02222222220735,0.25,3/4,x,6,64,0
D5,159493.6888888889,159721.24444444443,227.55555555553292,0.25,3/4,x,6,64,0
E♭5,159721.24444444443,159744.0,22.755555555573665,0.25,3/4,x,6,64,0
F5,159744.0,159880.53333333335,136.53333333335468,0.25,3/4,x,6,64,0
G5,159880.53333333335,159994.3111111111,113.77777777775191,0.25,3/4,x,6,64,0
F5,159994.3111111111,160085.3333333333,91.02222222220735,0.25,3/4,x,6,64,0
E♭5,160085.3333333333,160176.35555555555,91.02222222223645,0.25,3/4,x,6,64,0
D5,160176.35555555555,160312.8888888889,136.53333333335468,0.25,3/4,x,6,64,0
C5,160312.8888888889,160426.6666666667,113.77777777778101,0.25,3/4,x,6,65,0
B4,160426.6666666667,160494.93333333335,68.26666666666279,0.25,3/4,x,6,65,0
C5,160494.93333333335,160631.46666666665,136.53333333329647,0.25,3/4,x,6,65,0
D5,160631.46666666665,160813.5111111111,182.0444444444438,0.25,3/4,x,6,65,0
E♭5,160813.5111111111,160836.26666666666,22.755555555573665,0.25,3/4,x,6,65,0
D5,160836.26666666666,160995.55555555556,159.28888888889924,0.25,3/4,x,6,65,0
C5,160995.55555555556,161063.82222222222,68.26666666666279,0.25,3/4,x,6,65,0
B♭4,161063.82222222222,161200.35555555555,136.53333333332557,0.25,3/4,x,6,65,0
A4,161200.35555555555,161314.13333333333,113.77777777778101,0.25,3/4,x,6,65,0
G4,161314.13333333333,161405.15555555554,91.02222222220735,0.25,3/4,x,6,65,0
F4,161405.15555555554,161496.17777777778,91.02222222223645,0.25,3/4,x,6,65,0
E♭4,161496.17777777778,161609.95555555556,113.77777777778101,0.25,3/4,x,6,65,0
D4,161609.95555555556,161883.02222222224,273.06666666668025,0.5,3/4,x,6,66,0
F5,161883.02222222224,162065.06666666668,182.0444444444438,0.5,3/4,x,6,66,0
E♭4,162065.06666666668,162338.13333333333,273.06666666665114,0.5,3/4,x,6,66,0
B♭4,162338.13333333333,162611.19999999998,273.06666666665114,0.5,3/4,x,6,66,0
F4,162611.19999999998,162838.75555555557,227.55555555559113,0.5,3/4,x,6,66,0
A4,162838.75555555557,163111.82222222222,273.06666666665114,0.5,3/4,x,6,66,0
G4,163111.82222222222,163430.4,318.57777777776937,0.5,3/4,b,6,67,0
G5,163430.4,163544.17777777778,113.77777777778101,0.25,3/4,x,6,67,0
A5,163544.17777777778,163612.44444444444,68.26666666666279,0.25,3/4,x,6,67,0
B♭5,163612.44444444444,163817.24444444443,204.79999999998836,0.5,3/4,x,6,67,0
F4,163817.24444444443,164044.80000000002,227.55555555559113,0.5,3/4,x,6,67,0
E♭4,164044.80000000002,164317.86666666667,273.06666666665114,0.5,3/4,x,6,67,0
G5,164317.86666666667,164568.17777777778,250.31111111110658,0.5,3/4,x,6,67,0
D4,164568.17777777778,164841.24444444446,273.06666666668025,0.5,3/4,b,6,68,0
F5,164841.24444444446,165046.04444444444,204.79999999998836,0.5,3/4,x,6,68,0
E♭4,165046.04444444444,165319.11111111112,273.06666666668025,0.5,3/4,b,6,68,0
B♭4,165319.11111111112,165569.4222222222,250.31111111107748,0.5,3/4,b,6,68,0
F4,165569.4222222222,165819.73333333334,250.3111111111357,0.5,3/4,b,6,68,0
A5,165819.73333333334,166138.3111111111,318.57777777776937,0.5,3/4,x,6,68,0
B♭5,166138.3111111111,166729.95555555556,591.6444444444496,0.5,3/4,x,6,69,0
F5,166729.95555555556,166752.71111111113,22.755555555573665,0.5,3/4,x,6,69,0
B♭4,166752.71111111113,167594.66666666666,841.9555555555271,1.0,3/4,x,6,69,0
0,167594.66666666666,170234.3111111111,2639.6444444444496,1.0,3/4,.,6,69,0
0,170234.3111111111,170257.06666666668,22.755555555573665,0,0,.,x,x,.
D5,170257.06666666668,170598.4,341.33333333331393,1.0,4/4,x,7,70,0
G5,170598.4,170734.93333333335,136.53333333335468,0.5,4/4,x,7,71,0
A5,170734.93333333335,170780.44444444444,45.51111111108912,0.5,4/4,x,7,71,0
B♭5,170780.44444444444,171053.51111111112,273.06666666668025,1.0,4/4,x,7,71,0
A5,171053.51111111112,171258.3111111111,204.79999999998836,1.0,4/4,x,7,71,0
G5,171258.3111111111,171508.6222222222,250.31111111110658,1.0,4/4,x,7,71,0
F♯5,171508.6222222222,171690.66666666666,182.0444444444438,1.0,4/4,x,7,72,0
G5,171690.66666666666,171940.9777777778,250.3111111111357,1.0,4/4,x,7,72,0
D5,171940.9777777778,172145.77777777775,204.79999999995925,1.0,4/4,x,7,72,0
G5,172145.77777777775,172396.0888888889,250.3111111111357,1.0,4/4,x,7,72,0
D6,172396.0888888889,172646.4,250.31111111110658,1.0,4/4,x,7,73,0
G5,172646.4,172851.2,204.80000000001746,1.0,4/4,x,7,73,0
F♯5,172851.2,173056.0,204.79999999998836,1.0,4/4,x,7,73,0
G5,173056.0,173260.8,204.79999999998836,1.0,4/4,x,7,73,0
A5,173260.8,173374.57777777777,113.77777777778101,0.5,4/4,x,7,74,0
G5,173374.57777777777,173442.84444444443,68.26666666666279,0.5,4/4,x,7,74,0
A5,173442.84444444443,173715.91111111108,273.06666666665114,0.5,4/4,x,7,74,0
B♭5,173715.91111111108,173738.66666666666,22.755555555573665,0.5,4/4,x,7,74,0
A5,173738.66666666666,173875.2,136.53333333335468,1.0,4/4,x,7,74,0
D5,173875.2,174102.75555555554,227.55555555553292,1.0,4/4,x,7,74,0
G5,174102.75555555554,174262.04444444444,159.28888888889924,0.5,4/4,x,7,75,0
A5,174262.04444444444,174284.8,22.75555555554456,0.5,4/4,x,7,75,0
B♭5,174284.8,174353.06666666668,68.26666666669189,1.0,4/4,x,7,75,0
A5,174353.06666666668,174739.9111111111,386.84444444443216,1.0,4/4,x,7,75,0
G5,174739.9111111111,174990.22222222222,250.31111111110658,1.0,4/4,x,7,75,0
F♯5,174990.22222222222,175195.02222222224,204.80000000001746,1.0,4/4,x,7,76,0
G5,175195.02222222224,175399.82222222222,204.79999999998836,1.0,4/4,x,7,76,0
D5,175399.82222222222,175627.3777777778,227.55555555556202,1.0,4/4,x,7,76,0
G5,175627.3777777778,175832.17777777778,204.79999999998836,1.0,4/4,x,7,76,0
D6,175832.17777777778,176082.48888888888,250.31111111110658,1.0,4/4,x,7,77,0
G5,176082.48888888888,176287.2888888889,204.80000000001746,1.0,4/4,x,7,77,0
F♯5,176287.2888888889,176469.33333333334,182.0444444444438,1.0,4/4,x,7,77,0
G5,176469.33333333334,176696.88888888888,227.55555555553292,1.0,4/4,x,7,77,0
D5,176696.88888888888,176833.42222222223,136.53333333335468,0.5,4/4,x,7,78,0
F♯5,176833.42222222223,176947.2,113.77777777778101,0.5,4/4,x,7,78,0
A5,176947.2,177402.3111111111,455.11111111109494,2.0,4/4,x,7,78,0
D5,177402.3111111111,177834.66666666666,432.3555555555504,1.0,4/4,x,7,70,1
G5,177834.66666666666,177948.44444444444,113.77777777778101,0.5,4/4,x,7,71,1
A5,177948.44444444444,177993.95555555556,45.511111111118225,0.5,4/4,x,7,71,1
B♭5,177993.95555555556,178221.51111111112,227.55555555556202,1.0,4/4,x,7,71,1
A5,178221.51111111112,178449.06666666665,227.55555555553292,1.0,4/4,x,7,71,1
G5,178449.06666666665,178676.6222222222,227.55555555556202,1.0,4/4,x,7,71,1
F♯5,178676.6222222222,178881.42222222223,204.80000000001746,1.0,4/4,x,7,72,1
G5,178881.42222222223,179108.97777777776,227.55555555553292,1.0,4/4,x,7,72,1
D5,179108.97777777776,179313.77777777778,204.80000000001746,1.0,4/4,x,7,72,1
G5,179313.77777777778,179541.33333333334,227.55555555556202,1.0,4/4,x,7,72,1
D6,179541.33333333334,179768.88888888888,227.55555555553292,1.0,4/4,x,7,73,1
G5,179768.88888888888,179996.44444444444,227.55555555556202,1.0,4/4,x,7,73,1
F♯5,179996.44444444444,180178.48888888888,182.0444444444438,1.0,4/4,x,7,73,1
G5,180178.48888888888,180383.2888888889,204.80000000001746,1.0,4/4,x,7,73,1
A5,180383.2888888889,180497.06666666665,113.77777777775191,0.5,4/4,x,7,74,1
G5,180497.06666666665,180588.0888888889,91.02222222223645,0.5,4/4,x,7,74,1
A5,180588.0888888889,180701.86666666667,113.77777777778101,0.5,4/4,x,7,74,1
B♭5,180701.86666666667,180747.3777777778,45.511111111118225,0.5,4/4,x,7,74,1
A5,180747.3777777778,181020.44444444444,273.06666666665114,1.0,4/4,x,7,74,1
D5,181020.44444444444,181270.75555555554,250.31111111110658,1.0,4/4,x,7,74,1
G5,181270.75555555554,181407.2888888889,136.53333333335468,0.5,4/4,x,7,75,1
A5,181407.2888888889,181430.04444444444,22.75555555554456,0.5,4/4,x,7,75,1
B♭5,181430.04444444444,181703.1111111111,273.06666666665114,1.0,4/4,x,7,75,1
A5,181703.1111111111,181885.15555555554,182.0444444444438,1.0,4/4,x,7,75,1
G5,181885.15555555554,182112.7111111111,227.55555555556202,1.0,4/4,x,7,75,1
F♯5,182112.7111111111,182340.2666666667,227.55555555559113,1.0,4/4,x,7,76,1
G5,182340.2666666667,182545.06666666665,204.79999999995925,1.0,4/4,x,7,76,1
D5,182545.06666666665,182749.86666666667,204.80000000001746,1.0,4/4,x,7,76,1
G5,182749.86666666667,182954.66666666666,204.79999999998836,1.0,4/4,x,7,76,1
D6,182954.66666666666,183204.97777777776,250.31111111110658,1.0,4/4,x,7,77,1
G5,183204.97777777776,183387.0222222222,182.0444444444438,1.0,4/4,x,7,77,1
F♯5,183387.0222222222,183591.82222222222,204.80000000001746,1.0,4/4,x,7,77,1
G5,183591.82222222222,183887.64444444445,295.8222222222248,1.0,4/4,x,7,77,1
D5,183887.64444444445,184001.42222222223,113.77777777778101,0.5,4/4,x,7,78,1
F♯5,184001.42222222223,184137.95555555556,136.53333333332557,0.5,4/4,x,7,78,1
A5,184137.95555555556,184752.35555555558,614.4000000000233,2.0,4/4,x,7,78,1
D6,184752.35555555558,184866.13333333333,113.77777777775191,0.5,4/4,x,7,79,0
C♯6,184866.13333333333,185002.66666666666,136.53333333332557,0.5,4/4,x,7,79,0
D6,185002.66666666666,185230.22222222222,227.55555555556202,1.0,4/4,x,7,80,0
C6,185230.22222222222,185457.77777777778,227.55555555556202,0.5,4/4,x,7,80,0
B5,185457.77777777778,185480.53333333335,22.755555555573665,0.5,4/4,x,7,80,0
C6,185480.53333333335,185662.5777777778,182.0444444444438,1.0,4/4,x,7,80,0
B♭5,185662.5777777778,185776.35555555558,113.77777777778101,0.5,4/4,x,7,80,0
A5,185776.35555555558,185799.1111111111,22.755555555515457,0.5,4/4,x,7,80,0
B♭5,185799.1111111111,186072.17777777778,273.06666666668025,1.0,4/4,x,7,81,0
A5,186072.17777777778,186185.95555555556,113.77777777778101,0.5,4/4,x,7,81,0
G5,186185.95555555556,186208.7111111111,22.75555555554456,0.5,4/4,x,7,81,0
A5,186208.7111111111,186595.55555555556,386.84444444446126,1.0,4/4,x,7,81,0
A5,186595.55555555556,186618.3111111111,22.75555555554456,0.5,4/4,x,7,81,0
C6,186618.3111111111,186663.82222222222,45.511111111118225,0.5,4/4,x,7,81,0
B♭5,186663.82222222222,186845.86666666667,182.0444444444438,1.0,4/4,x,7,82,0
A5,186845.86666666667,187096.17777777778,250.31111111110658,1.0,4/4,x,7,82,0
G5,187096.17777777778,187346.4888888889,250.3111111111357,1.0,4/4,x,7,82,0
A5,187346.4888888889,187414.75555555554,68.26666666663368,0.5,4/4,x,7,82,0
F♯5,187414.75555555554,187528.53333333335,113.77777777781012,0.5,4/4,x,7,82,0
G5,187528.53333333335,188006.40000000002,477.8666666666686,2.0,4/4,x,7,83,0
D5,188006.40000000002,188279.46666666667,273.06666666665114,1.0,4/4,x,7,83,0
D6,188279.46666666667,188347.73333333334,68.26666666666279,0.5,4/4,x,7,83,0
C♯6,188347.73333333334,188438.75555555557,91.02222222223645,0.5,4/4,x,7,83,0
D6,188438.75555555557,188689.06666666665,250.31111111107748,1.0,4/4,x,7,84,0
C6,188689.06666666665,188825.6,136.53333333335468,0.5,4/4,x,7,84,0
B5,188825.6,188871.1111111111,45.51111111108912,0.5,4/4,x,7,84,0
C6,188871.1111111111,189075.9111111111,204.80000000001746,1.0,4/4,x,7,84,0
B♭5,189075.9111111111,189257.95555555556,182.0444444444438,0.5,4/4,x,7,84,0
A5,189257.95555555556,189280.71111111113,22.755555555573665,0.5,4/4,x,7,84,0
B♭5,189280.71111111113,189531.0222222222,250.31111111107748,1.0,4/4,x,7,85,0
A5,189531.0222222222,189622.04444444444,91.02222222223645,0.5,4/4,x,7,85,0
G5,189622.04444444444,189713.06666666665,91.02222222220735,0.5,4/4,x,7,85,0
A5,189713.06666666665,190031.64444444445,318.5777777777985,1.0,4/4,x,7,85,0
A5,190031.64444444445,190054.4,22.75555555554456,0.5,4/4,x,7,85,0
C6,190054.4,190168.17777777778,113.77777777778101,0.5,4/4,x,7,85,0
B♭5,190168.17777777778,190372.97777777776,204.79999999998836,1.0,4/4,x,7,86,0
A5,190372.97777777776,190623.28888888887,250.31111111110658,1.0,4/4,x,7,86,0
G5,190623.28888888887,190873.6,250.3111111111357,1.0,4/4,x,7,86,0
A5,190873.6,190941.86666666667,68.26666666666279,0.5,4/4,x,7,86,0
F♯5,190941.86666666667,191101.15555555554,159.28888888887013,0.5,4/4,x,7,86,0
G4,191101.15555555554,191192.17777777778,91.02222222223645,0.5,4/4,x,7,87,0
D5,191192.17777777778,191351.46666666665,159.28888888887013,0.5,4/4,x,7,87,0
G5,191351.46666666665,191874.84444444446,523.3777777778159,2.0,4/4,x,7,87,0
D6,191874.84444444446,191965.86666666667,91.02222222220735,0.5,4/4,x,7,79,1
C♯6,191965.86666666667,192079.64444444445,113.77777777778101,0.5,4/4,x,7,79,1
D6,192079.64444444445,192329.95555555556,250.31111111110658,1.0,4/4,x,7,80,1
C6,192329.95555555556,192625.77777777778,295.8222222222248,0.5,4/4,x,7,80,1
B5,192625.77777777778,192648.53333333335,22.755555555573665,0.5,4/4,x,7,80,1
C6,192648.53333333335,192739.55555555556,91.02222222220735,1.0,4/4,x,7,80,1
B♭5,192739.55555555556,192853.3333333333,113.77777777775191,0.5,4/4,x,7,80,1
A5,192853.3333333333,192898.84444444446,45.51111111114733,0.5,4/4,x,7,80,1
B♭5,192898.84444444446,193126.4,227.55555555553292,1.0,4/4,x,7,81,1
A5,193126.4,193240.17777777778,113.77777777778101,0.5,4/4,x,7,81,1
G5,193240.17777777778,193308.44444444444,68.26666666666279,0.5,4/4,x,7,81,1
A5,193308.44444444444,193627.02222222224,318.5777777777985,1.0,4/4,x,7,81,1
A5,193627.02222222224,193649.77777777778,22.75555555554456,0.5,4/4,x,7,81,1
C6,193649.77777777778,193740.80000000002,91.02222222223645,0.5,4/4,x,7,81,1
B♭5,193740.80000000002,193968.35555555555,227.55555555553292,1.0,4/4,x,7,82,1
A5,193968.35555555555,194218.6666666667,250.3111111111357,1.0,4/4,x,7,82,1
G5,194218.6666666667,194423.46666666665,204.79999999995925,1.0,4/4,x,7,82,1
A5,194423.46666666665,194491.73333333334,68.26666666669189,0.5,4/4,x,7,82,1
F♯5,194491.73333333334,194628.26666666666,136.53333333332557,0.5,4/4,x,7,82,1
G5,194628.26666666666,195015.11111111112,386.84444444446126,2.0,4/4,x,7,83,1
D5,195015.11111111112,195333.6888888889,318.57777777776937,1.0,4/4,x,7,83,1
D6,195333.6888888889,195447.46666666665,113.77777777775191,0.5,4/4,x,7,83,1
C♯6,195447.46666666665,195470.22222222222,22.755555555573665,0.5,4/4,x,7,83,1
D6,195470.22222222222,195743.28888888887,273.06666666665114,1.0,4/4,x,7,84,1
C6,195743.28888888887,195879.82222222222,136.53333333335468,0.5,4/4,x,7,84,1
B5,195879.82222222222,195925.3333333333,45.51111111108912,0.5,4/4,x,7,84,1
C6,195925.3333333333,196175.64444444445,250.3111111111357,1.0,4/4,x,7,84,1
B♭5,196175.64444444445,196266.6666666667,91.02222222223645,0.5,4/4,x,7,84,1
A5,196266.6666666667,196425.95555555556,159.28888888887013,0.5,4/4,x,7,84,1
B♭5,196425.95555555556,196562.48888888888,136.53333333332557,1.0,4/4,x,7,85,1
A5,196562.48888888888,196926.57777777777,364.0888888888876,0.5,4/4,x,7,85,1
G5,196926.57777777777,196949.3333333333,22.75555555554456,0.5,4/4,x,7,85,1
A5,196949.3333333333,197063.11111111112,113.77777777781012,1.0,4/4,x,7,85,1
A5,197063.11111111112,197085.86666666667,22.75555555554456,0.5,4/4,x,7,85,1
C6,197085.86666666667,197131.37777777776,45.51111111108912,0.5,4/4,x,7,85,1
B♭5,197131.37777777776,197381.6888888889,250.3111111111357,1.0,4/4,x,7,86,1
A5,197381.6888888889,197654.75555555557,273.06666666668025,1.0,4/4,x,7,86,1
G5,197654.75555555557,198018.84444444446,364.0888888888876,1.0,4/4,x,7,86,1
A5,198018.84444444446,198041.59999999998,22.755555555515457,0.5,4/4,x,7,86,1
F♯5,198041.59999999998,198200.8888888889,159.28888888892834,0.5,4/4,x,7,86,1
G4,198200.8888888889,198405.68888888886,204.79999999995925,0.5,4/4,x,7,87,1
D5,198405.68888888886,198542.22222222222,136.53333333335468,0.5,4/4,x,7,87,1
G5,198542.22222222222,199953.06666666668,1410.8444444444613,2.0,4/4,x,7,87,1
B4,199953.06666666668,200226.13333333333,273.06666666665114,0.5,4/4,x,7,88,0
C5,200226.13333333333,200385.42222222223,159.28888888889924,0.5,4/4,x,7,88,0
D5,200385.42222222223,201932.8,1547.3777777777577,1.5,4/4,x,7,89,0
E5,201932.8,202137.6,204.80000000001746,0.5,4/4,x,7,89,0
D5,202137.6,202524.44444444444,386.84444444443216,1.5,4/4,x,7,89,0
E5,202524.44444444444,202569.95555555556,45.511111111118225,0.5,4/4,x,7,89,0
D5,202569.95555555556,203070.57777777777,500.62222222221317,3.0,4/4,x,7,90,0
G5,203070.57777777777,203411.9111111111,341.33333333334303,1.0,4/4,x,7,90,0
D5,203411.9111111111,203639.46666666667,227.55555555556202,0.5,4/4,x,7,91,0
E5,203639.46666666667,203776.0,136.53333333332557,0.5,4/4,x,7,91,0
D5,203776.0,203958.04444444444,182.0444444444438,0.5,4/4,x,7,91,0
G5,203958.04444444444,204003.55555555556,45.511111111118225,0.5,4/4,x,7,91,0
D5,204003.55555555556,204162.84444444443,159.28888888887013,0.5,4/4,x,7,91,0
E5,204162.84444444443,204231.11111111112,68.26666666669189,0.5,4/4,x,7,91,0
D5,204231.11111111112,204390.4,159.28888888887013,0.5,4/4,x,7,91,0
B5,204390.4,204458.66666666666,68.26666666666279,0.5,4/4,x,7,91,0
D5,204458.66666666666,204913.77777777778,455.11111111112405,1.0,4/4,x,7,92,0
G5,204913.77777777778,205437.15555555557,523.3777777777868,1.0,4/4,x,7,92,0
0,205437.15555555557,205869.51111111112,432.3555555555504,1.0,4/4,.,7,92,0
G4,205869.51111111112,206028.8,159.28888888887013,0.5,4/4,x,7,92,0
A4,206028.8,206165.33333333334,136.53333333335468,0.5,4/4,x,7,92,0
B4,206165.33333333334,207325.86666666667,1160.5333333333256,1.5,4/4,x,7,93,0
C5,207325.86666666667,207439.64444444445,113.77777777778101,0.5,4/4,x,7,93,0
B4,207439.64444444445,207598.93333333332,159.28888888887013,1.5,4/4,x,7,93,0
C5,207598.93333333332,207667.2,68.26666666669189,0.5,4/4,x,7,93,0
B4,207667.2,208463.64444444445,796.444444444438,3.0,4/4,x,7,94,0
E5,208463.64444444445,208736.7111111111,273.06666666665114,1.0,4/4,x,7,94,0
B4,208736.7111111111,209009.77777777778,273.06666666668025,0.5,4/4,x,7,95,0
C5,209009.77777777778,209100.8,91.02222222220735,0.5,4/4,x,7,95,0
B4,209100.8,209237.33333333334,136.53333333335468,0.5,4/4,x,7,95,0
E5,209237.33333333334,209373.86666666667,136.53333333332557,0.5,4/4,x,7,95,0
B4,209373.86666666667,209487.64444444445,113.77777777778101,0.5,4/4,x,7,95,0
C5,209487.64444444445,209555.9111111111,68.26666666666279,0.5,4/4,x,7,95,0
B4,209555.9111111111,209760.7111111111,204.79999999998836,0.5,4/4,x,7,95,0
G5,209760.7111111111,209851.73333333334,91.02222222223645,0.5,4/4,x,7,95,0
B4,209851.73333333334,210284.08888888892,432.3555555555795,1.0,4/4,x,7,96,0
E5,210284.08888888892,210784.7111111111,500.62222222218406,1.0,4/4,x,7,96,0
0,210784.7111111111,211057.77777777778,273.06666666668025,1.0,4/4,.,7,96,0
C♯5,211057.77777777778,211239.82222222222,182.0444444444438,0.5,4/4,x,7,96,0
D5,211239.82222222222,211421.86666666667,182.0444444444438,0.5,4/4,x,7,96,0
E5,211421.86666666667,211581.15555555557,159.28888888889924,0.5,4/4,x,7,97,0
E5,211581.15555555557,211603.9111111111,22.75555555554456,0.5,4/4,x,7,97,0
E5,211603.9111111111,211626.66666666666,22.75555555554456,0.5,4/4,x,7,97,0
E5,211626.66666666666,211649.42222222223,22.755555555573665,0.5,4/4,x,7,97,0
E5,211649.42222222223,211672.1777777778,22.755555555573665,0.5,4/4,x,7,97,0
E5,211672.1777777778,211694.93333333332,22.755555555515457,0.5,4/4,x,7,97,0
E5,211694.93333333332,211717.6888888889,22.755555555573665,0.5,4/4,x,7,97,0
E5,211717.6888888889,211740.44444444444,22.75555555554456,0.5,4/4,x,7,97,0
E5,211740.44444444444,211763.2,22.755555555573665,0.75,4/4,x,7,98,0
F♯5,211763.2,211785.95555555556,22.75555555554456,0.25,4/4,x,7,98,0
E5,211785.95555555556,212286.57777777777,500.62222222221317,0.5,4/4,x,7,98,0
E5,212286.57777777777,212309.33333333334,22.755555555573665,0.5,4/4,x,7,98,0
E5,212309.33333333334,212332.0888888889,22.75555555554456,0.75,4/4,x,7,98,0
F♯5,212332.0888888889,212354.84444444443,22.75555555554456,0.25,4/4,x,7,98,0
E5,212354.84444444443,212377.6,22.755555555573665,0.5,4/4,x,7,98,0
E5,212377.6,212400.35555555555,22.75555555554456,0.5,4/4,x,7,98,0
E5,212400.35555555555,212423.1111111111,22.75555555554456,0.5,4/4,x,7,99,0
C♯5,212423.1111111111,212445.86666666667,22.755555555573665,0.5,4/4,x,7,99,0
E5,212445.86666666667,212650.66666666666,204.79999999998836,0.5,4/4,x,7,99,0
A5,212650.66666666666,212673.42222222223,22.755555555573665,0.5,4/4,x,7,99,0
E5,212673.42222222223,212696.1777777778,22.755555555573665,0.5,4/4,x,7,99,0
C♯5,212696.1777777778,212718.93333333332,22.755555555515457,0.5,4/4,x,7,99,0
E5,212718.93333333332,212764.44444444444,45.511111111118225,0.5,4/4,x,7,99,0
A5,212764.44444444444,212787.2,22.755555555573665,0.5,4/4,x,7,99,0
E5,212787.2,213242.31111111114,455.11111111112405,0.5,4/4,x,7,100,0
C♯5,213242.31111111114,213265.06666666665,22.755555555515457,0.5,4/4,x,7,100,0
E5,213265.06666666665,213378.84444444443,113.77777777778101,0.5,4/4,x,7,100,0
A5,213378.84444444443,213401.6,22.755555555573665,0.5,4/4,x,7,100,0
0,213401.6,214948.97777777776,1547.3777777777577,1.0,4/4,.,7,100,0
F♯5,214948.97777777776,214971.73333333334,22.755555555573665,0.5,4/4,x,7,100,0
G5,214971.73333333334,214994.48888888888,22.75555555554456,0.5,4/4,x,7,100,0
A5,214994.48888888888,215267.55555555556,273.06666666668025,0.5,4/4,x,7,101,0
A5,215267.55555555556,215290.31111111114,22.755555555573665,0.5,4/4,x,7,101,0
A5,215290.31111111114,215313.06666666665,22.755555555515457,0.5,4/4,x,7,101,0
A5,215313.06666666665,215335.82222222222,22.755555555573665,0.5,4/4,x,7,101,0
A5,215335.82222222222,215358.57777777777,22.75555555554456,0.5,4/4,x,7,101,0
A5,215358.57777777777,215381.33333333334,22.755555555573665,0.5,4/4,x,7,101,0
A5,215381.33333333334,215404.0888888889,22.75555555554456,0.5,4/4,x,7,101,0
A5,215404.0888888889,215426.84444444443,22.75555555554456,0.5,4/4,x,7,101,0
A5,215426.84444444443,215449.6,22.755555555573665,0.75,4/4,x,7,102,0
B5,215449.6,215472.35555555558,22.755555555573665,0.25,4/4,x,7,102,0
A5,215472.35555555558,215495.1111111111,22.755555555515457,0.5,4/4,x,7,102,0
A5,215495.1111111111,215517.86666666667,22.755555555573665,0.5,4/4,x,7,102,0
A5,215517.86666666667,215540.6222222222,22.75555555554456,0.75,4/4,x,7,102,0
B5,215540.6222222222,215563.3777777778,22.755555555573665,0.25,4/4,x,7,102,0
A5,215563.3777777778,215586.13333333333,22.75555555554456,0.5,4/4,x,7,102,0
A5,215586.13333333333,215608.88888888888,22.75555555554456,0.5,4/4,x,7,102,0
A5,215608.88888888888,215631.64444444445,22.755555555573665,0.5,4/4,x,7,103,0
F♯5,215631.64444444445,215972.97777777776,341.33333333331393,0.5,4/4,x,7,103,0
A5,215972.97777777776,217679.64444444445,1706.666666666686,0.5,4/4,x,7,103,0
D6,217679.64444444445,217702.40000000002,22.755555555573665,0.5,4/4,x,7,103,0
A5,217702.40000000002,218180.26666666666,477.8666666666395,0.5,4/4,x,7,103,0
F♯5,218180.26666666666,218248.53333333335,68.26666666669189,0.5,4/4,x,7,103,0
A5,218248.53333333335,218362.3111111111,113.77777777775191,0.5,4/4,x,7,103,0
D6,218362.3111111111,218407.82222222222,45.511111111118225,0.5,4/4,x,7,103,0
A5,218407.82222222222,219044.97777777776,637.1555555555387,0.5,4/4,x,7,104,0
F♯5,219044.97777777776,219136.0,91.02222222223645,0.5,4/4,x,7,104,0
A5,219136.0,219181.51111111112,45.511111111118225,0.5,4/4,x,7,104,0
D6,219181.51111111112,219204.26666666666,22.75555555554456,0.5,4/4,x,7,104,0
0,219204.26666666666,220364.8,1160.5333333333256,1.0,4/4,.,7,104,0
C♯6,220364.8,220478.5777777778,113.77777777781012,0.5,4/4,x,7,104,0
B5,220478.5777777778,220592.35555555555,113.77777777775191,0.5,4/4,x,7,104,0
A5,220592.35555555555,220683.37777777776,91.02222222220735,0.5,4/4,x,7,105,0
D6,220683.37777777776,220706.13333333333,22.755555555573665,0.5,4/4,x,7,105,0
C♯6,220706.13333333333,220728.88888888888,22.75555555554456,0.5,4/4,x,7,105,0
B5,220728.88888888888,220751.64444444445,22.755555555573665,0.5,4/4,x,7,105,0
A5,220751.64444444445,220774.40000000002,22.755555555573665,0.5,4/4,x,7,105,0
G5,220774.40000000002,220797.15555555554,22.755555555515457,0.5,4/4,x,7,105,0
F♯5,220797.15555555554,220956.44444444447,159.28888888892834,0.5,4/4,x,7,105,0
E5,220956.44444444447,220979.19999999998,22.755555555515457,0.5,4/4,x,7,105,0
D5,220979.19999999998,221525.3333333333,546.1333333333314,1.5,4/4,x,7,106,0
E5,221525.3333333333,221843.9111111111,318.5777777777985,0.5,4/4,x,7,106,0
E5,221843.9111111111,221866.6666666667,22.755555555573665,1.5,4/4,x,7,106,0
D5,221866.6666666667,222253.51111111112,386.84444444443216,0.5,4/4,x,7,106,0
D5,222253.51111111112,222276.26666666666,22.75555555554456,0.5,4/4,x,7,107,0
F♯5,222276.26666666666,222390.04444444444,113.77777777778101,0.5,4/4,x,7,107,0
D5,222390.04444444444,222549.3333333333,159.28888888887013,0.5,4/4,x,7,107,0
F♯5,222549.3333333333,222640.35555555555,91.02222222223645,0.5,4/4,x,7,107,0
A4,222640.35555555555,222708.62222222224,68.26666666669189,0.5,4/4,x,7,107,0
D5,222708.62222222224,222890.6666666667,182.0444444444438,0.5,4/4,x,7,107,0
F♯4,222890.6666666667,222936.17777777778,45.51111111108912,0.5,4/4,x,7,107,0
A4,222936.17777777778,223095.46666666665,159.28888888887013,0.5,4/4,x,7,107,0
D4,223095.46666666665,224938.6666666667,1843.2000000000407,3.0,4/4,x,7,108,0
B4,224938.6666666667,225257.24444444443,318.57777777774027,0.5,4/4,x,7,88,1
C5,225257.24444444443,225280.0,22.755555555573665,0.5,4/4,x,7,88,1
D5,225280.0,226759.11111111112,1479.111111111124,1.5,4/4,x,7,89,1
E5,226759.11111111112,226895.64444444445,136.53333333332557,0.5,4/4,x,7,89,1
D5,226895.64444444445,227350.75555555557,455.11111111112405,1.5,4/4,x,7,89,1
E5,227350.75555555557,227419.02222222224,68.26666666666279,0.5,4/4,x,7,89,1
D5,227419.02222222224,227896.8888888889,477.8666666666686,3.0,4/4,x,7,90,1
G5,227896.8888888889,228306.48888888888,409.5999999999767,1.0,4/4,x,7,90,1
D5,228306.48888888888,228579.55555555553,273.06666666665114,0.5,4/4,x,7,91,1
E5,228579.55555555553,228716.0888888889,136.53333333335468,0.5,4/4,x,7,91,1
D5,228716.0888888889,228875.37777777776,159.28888888887013,0.5,4/4,x,7,91,1
G5,228875.37777777776,228989.15555555557,113.77777777781012,0.5,4/4,x,7,91,1
D5,228989.15555555557,229125.6888888889,136.53333333332557,0.5,4/4,x,7,91,1
E5,229125.6888888889,229216.71111111113,91.02222222223645,0.5,4/4,x,7,91,1
D5,229216.71111111113,229353.24444444446,136.53333333332557,0.5,4/4,x,7,91,1
B5,229353.24444444446,229467.02222222224,113.77777777778101,0.5,4/4,x,7,91,1
D5,229467.02222222224,229990.4,523.3777777777577,1.0,4/4,x,7,92,1
G5,229990.4,230422.75555555557,432.3555555555795,1.0,4/4,x,7,92,1
0,230422.75555555557,230809.59999999998,386.84444444440305,1.0,4/4,.,7,92,1
G4,230809.59999999998,230968.8888888889,159.28888888892834,0.5,4/4,x,7,92,1
A4,230968.8888888889,231105.42222222223,136.53333333332557,0.5,4/4,x,7,92,1
B4,231105.42222222223,232152.17777777778,1046.7555555555446,1.5,4/4,x,7,93,1
C5,232152.17777777778,232356.9777777778,204.80000000001746,0.5,4/4,x,7,93,1
B4,232356.9777777778,232470.75555555554,113.77777777775191,1.5,4/4,x,7,93,1
C5,232470.75555555554,232675.55555555556,204.80000000001746,0.5,4/4,x,7,93,1
B4,232675.55555555556,233176.17777777778,500.62222222221317,3.0,4/4,x,7,94,1
E5,233176.17777777778,233494.75555555554,318.57777777776937,1.0,4/4,x,7,94,1
B4,233494.75555555554,233676.8,182.0444444444438,0.5,4/4,x,7,95,1
C5,233676.8,233836.0888888889,159.28888888889924,0.5,4/4,x,7,95,1
B4,233836.0888888889,233927.11111111112,91.02222222223645,0.5,4/4,x,7,95,1
E5,233927.11111111112,234063.64444444445,136.53333333332557,0.5,4/4,x,7,95,1
B4,234063.64444444445,234154.66666666666,91.02222222220735,0.5,4/4,x,7,95,1
C5,234154.66666666666,234222.93333333335,68.26666666669189,0.5,4/4,x,7,95,1
B4,234222.93333333335,234382.22222222222,159.28888888887013,0.5,4/4,x,7,95,1
G5,234382.22222222222,234518.75555555554,136.53333333332557,0.5,4/4,x,7,95,1
B4,234518.75555555554,235019.3777777778,500.62222222224227,1.0,4/4,x,7,96,1
E5,235019.3777777778,235520.0,500.62222222221317,1.0,4/4,x,7,96,1
0,235520.0,235906.84444444443,386.84444444443216,1.0,4/4,.,7,96,1
C♯5,235906.84444444443,236134.4,227.55555555556202,0.5,4/4,x,7,96,1
D5,236134.4,236384.7111111111,250.31111111110658,0.5,4/4,x,7,96,1
E5,236384.7111111111,237317.6888888889,932.9777777777927,0.5,4/4,x,7,97,1
E5,237317.6888888889,237340.44444444444,22.75555555554456,0.5,4/4,x,7,97,1
E5,237340.44444444444,237363.2,22.755555555573665,0.5,4/4,x,7,97,1
E5,237363.2,237385.95555555556,22.75555555554456,0.5,4/4,x,7,97,1
E5,237385.95555555556,237408.7111111111,22.75555555554456,0.5,4/4,x,7,97,1
E5,237408.7111111111,237431.46666666667,22.755555555573665,0.5,4/4,x,7,97,1
E5,237431.46666666667,237454.22222222222,22.75555555554456,0.5,4/4,x,7,97,1
E5,237454.22222222222,237476.9777777778,22.755555555573665,0.5,4/4,x,7,97,1
E5,237476.9777777778,237499.73333333334,22.75555555554456,0.75,4/4,x,7,98,1
F♯5,237499.73333333334,237522.48888888888,22.75555555554456,0.25,4/4,x,7,98,1
E5,237522.48888888888,237590.75555555554,68.26666666666279,0.5,4/4,x,7,98,1
E5,237590.75555555554,237613.51111111112,22.755555555573665,0.5,4/4,x,7,98,1
E5,237613.51111111112,237636.26666666666,22.75555555554456,0.75,4/4,x,7,98,1
F♯5,237636.26666666666,237659.02222222224,22.755555555573665,0.25,4/4,x,7,98,1
E5,237659.02222222224,238660.26666666666,1001.2444444444263,0.5,4/4,x,7,98,1
E5,238660.26666666666,238683.02222222224,22.755555555573665,0.5,4/4,x,7,98,1
E5,238683.02222222224,238705.77777777778,22.75555555554456,0.5,4/4,x,7,99,1
C♯5,238705.77777777778,238796.8,91.02222222220735,0.5,4/4,x,7,99,1
E5,238796.8,238978.84444444443,182.0444444444438,0.5,4/4,x,7,99,1
A5,238978.84444444443,239047.11111111112,68.26666666669189,0.5,4/4,x,7,99,1
E5,239047.11111111112,239229.15555555557,182.0444444444438,0.5,4/4,x,7,99,1
C♯5,239229.15555555557,239274.66666666666,45.51111111108912,0.5,4/4,x,7,99,1
E5,239274.66666666666,239456.7111111111,182.0444444444438,0.5,4/4,x,7,99,1
A5,239456.7111111111,239616.0,159.28888888889924,0.5,4/4,x,7,99,1
E5,239616.0,239707.02222222224,91.02222222223645,0.5,4/4,x,7,100,1
C♯5,239707.02222222224,239752.53333333333,45.51111111108912,0.5,4/4,x,7,100,1
E5,239752.53333333333,239911.82222222222,159.28888888889924,0.5,4/4,x,7,100,1
A5,239911.82222222222,240435.2,523.3777777777868,0.5,4/4,x,7,100,1
0,240435.2,240685.51111111112,250.31111111110658,1.0,4/4,.,7,100,1
F♯5,240685.51111111112,240844.8,159.28888888887013,0.5,4/4,x,7,100,1
G5,240844.8,241004.0888888889,159.28888888889924,0.5,4/4,x,7,100,1
A5,241004.0888888889,241163.3777777778,159.28888888889924,0.5,4/4,x,7,101,1
A5,241163.3777777778,241186.13333333333,22.75555555554456,0.5,4/4,x,7,101,1
A5,241186.13333333333,241208.88888888888,22.75555555554456,0.5,4/4,x,7,101,1
A5,241208.88888888888,241231.64444444445,22.755555555573665,0.5,4/4,x,7,101,1
A5,241231.64444444445,241254.4,22.75555555554456,0.5,4/4,x,7,101,1
A5,241254.4,241277.15555555557,22.755555555573665,0.5,4/4,x,7,101,1
A5,241277.15555555557,241299.9111111111,22.75555555554456,0.5,4/4,x,7,101,1
A5,241299.9111111111,241322.66666666666,22.75555555554456,0.5,4/4,x,7,101,1
A5,241322.66666666666,241345.42222222223,22.755555555573665,0.75,4/4,x,7,102,1
B5,241345.42222222223,241368.17777777778,22.75555555554456,0.25,4/4,x,7,102,1
A5,241368.17777777778,242756.26666666666,1388.0888888888876,0.5,4/4,x,7,102,1
A5,242756.26666666666,242779.0222222222,22.75555555554456,0.5,4/4,x,7,102,1
A5,242779.0222222222,242801.77777777778,22.755555555573665,0.75,4/4,x,7,102,1
B5,242801.77777777778,242847.2888888889,45.511111111118225,0.25,4/4,x,7,102,1
A5,242847.2888888889,243279.64444444445,432.3555555555504,0.5,4/4,x,7,102,1
A5,243279.64444444445,243302.4,22.75555555554456,0.5,4/4,x,7,102,1
A5,243302.4,243325.15555555557,22.755555555573665,0.5,4/4,x,7,103,1
F♯5,243325.15555555557,243438.93333333332,113.77777777775191,0.5,4/4,x,7,103,1
A5,243438.93333333332,243552.7111111111,113.77777777778101,0.5,4/4,x,7,103,1
D6,243552.7111111111,243666.48888888888,113.77777777778101,0.5,4/4,x,7,103,1
A5,243666.48888888888,243825.77777777778,159.28888888889924,0.5,4/4,x,7,103,1
F♯5,243825.77777777778,243916.8,91.02222222220735,0.5,4/4,x,7,103,1
A5,243916.8,244007.82222222222,91.02222222223645,0.5,4/4,x,7,103,1
D6,244007.82222222222,244144.35555555555,136.53333333332557,0.5,4/4,x,7,103,1
A5,244144.35555555555,244280.88888888888,136.53333333332557,0.5,4/4,x,7,104,1
F♯5,244280.88888888888,244417.42222222223,136.53333333335468,0.5,4/4,x,7,104,1
A5,244417.42222222223,244462.93333333332,45.51111111108912,0.5,4/4,x,7,104,1
D6,244462.93333333332,245168.35555555555,705.4222222222306,0.5,4/4,x,7,104,1
0,245168.35555555555,245805.51111111112,637.1555555555678,1.0,4/4,.,7,104,1
C♯6,245805.51111111112,245828.2666666667,22.755555555573665,0.5,4/4,x,7,104,1
B5,245828.2666666667,245851.0222222222,22.755555555515457,0.5,4/4,x,7,104,1
A5,245851.0222222222,245896.53333333333,45.511111111118225,0.5,4/4,x,7,105,1
D6,245896.53333333333,246055.82222222222,159.28888888889924,0.5,4/4,x,7,105,1
C♯6,246055.82222222222,246192.35555555558,136.53333333335468,0.5,4/4,x,7,105,1
B5,246192.35555555558,246306.13333333333,113.77777777775191,0.5,4/4,x,7,105,1
A5,246306.13333333333,246442.66666666666,136.53333333332557,0.5,4/4,x,7,105,1
G5,246442.66666666666,246533.6888888889,91.02222222223645,0.5,4/4,x,7,105,1
F♯5,246533.6888888889,246692.97777777776,159.28888888887013,0.5,4/4,x,7,105,1
E5,246692.97777777776,246715.73333333334,22.755555555573665,0.5,4/4,x,7,105,1
D5,246715.73333333334,247125.33333333334,409.6000000000058,1.5,4/4,x,7,106,1
E5,247125.33333333334,247148.0888888889,22.75555555554456,0.5,4/4,x,7,106,1
E5,247148.0888888889,247170.84444444443,22.75555555554456,1.5,4/4,x,7,106,1
D5,247170.84444444443,247193.6,22.755555555573665,0.5,4/4,x,7,106,1
D5,247193.6,247216.35555555558,22.755555555573665,0.5,4/4,x,7,107,1
F♯5,247216.35555555558,247625.95555555556,409.5999999999767,0.5,4/4,x,7,107,1
D5,247625.95555555556,248263.1111111111,637.1555555555387,0.5,4/4,x,7,107,1
F♯5,248263.1111111111,248354.13333333333,91.02222222223645,0.5,4/4,x,7,107,1
A4,248354.13333333333,248445.15555555554,91.02222222220735,0.5,4/4,x,7,107,1
D5,248445.15555555554,248627.19999999998,182.0444444444438,0.5,4/4,x,7,107,1
F♯4,248627.19999999998,248649.95555555556,22.755555555573665,0.5,4/4,x,7,107,1
A4,248649.95555555556,248854.75555555554,204.79999999998836,0.5,4/4,x,7,107,1
D4,248854.75555555554,250675.19999999998,1820.444444444438,3.0,4/4,x,7,108,1
F♯5,250675.19999999998,250697.95555555556,22.755555555573665,0.5,4/4,x,7,109,0
G5,250697.95555555556,250720.7111111111,22.75555555554456,0.5,4/4,x,7,109,0
A5,250720.7111111111,250743.46666666667,22.755555555573665,1.5,4/4,x,7,110,0
B5,250743.46666666667,250766.22222222222,22.75555555554456,0.5,4/4,x,7,110,0
A5,250766.22222222222,250788.97777777776,22.75555555554456,1.5,4/4,x,7,110,0
B5,250788.97777777776,250811.73333333334,22.755555555573665,0.5,4/4,x,7,110,0
A5,250811.73333333334,250834.4888888889,22.755555555573665,3.0,4/4,x,7,111,0
F♯5,250834.4888888889,251153.06666666665,318.57777777774027,0.5,4/4,x,7,111,0
G5,251153.06666666665,251266.84444444443,113.77777777778101,0.5,4/4,x,7,111,0
A5,251266.84444444443,251812.97777777776,546.1333333333314,0.5,4/4,x,7,112,0
F♯5,251812.97777777776,251835.73333333334,22.755555555573665,0.5,4/4,x,7,112,0
E5,251835.73333333334,251858.4888888889,22.755555555573665,0.5,4/4,x,7,112,0
D5,251858.4888888889,251881.24444444443,22.755555555515457,0.5,4/4,x,7,112,0
B5,251881.24444444443,252040.53333333335,159.28888888892834,0.5,4/4,x,7,112,0
G5,252040.53333333335,252063.28888888887,22.755555555515457,0.5,4/4,x,7,112,0
F♯5,252063.28888888887,252086.04444444444,22.755555555573665,0.5,4/4,x,7,112,0
E5,252086.04444444444,252108.8,22.75555555554456,0.5,4/4,x,7,112,0
A5,252108.8,252131.55555555556,22.755555555573665,0.5,4/4,x,7,113,0
F♯5,252131.55555555556,252154.3111111111,22.75555555554456,0.5,4/4,x,7,113,0
D5,252154.3111111111,252177.06666666665,22.75555555554456,1.0,4/4,x,7,113,0
0,252177.06666666665,256614.4,4437.333333333343,1.0,4/4,.,7,113,0
E5,256614.4,256750.93333333332,136.53333333332557,0.5,4/4,x,7,113,0
F♯5,256750.93333333332,256910.22222222222,159.28888888889924,0.5,4/4,x,7,113,0
G5,256910.22222222222,258275.55555555556,1365.333333333343,1.5,4/4,x,7,114,0
A5,258275.55555555556,258548.6222222222,273.06666666665114,0.5,4/4,x,7,114,0
G5,258548.6222222222,258616.88888888888,68.26666666666279,1.5,4/4,x,7,114,0
A5,258616.88888888888,258889.95555555556,273.06666666668025,0.5,4/4,x,7,114,0
G5,258889.95555555556,259345.06666666665,455.11111111109494,3.0,4/4,x,7,115,0
B4,259345.06666666665,259527.11111111115,182.044444444502,0.5,4/4,x,7,115,0
C5,259527.11111111115,259663.64444444445,136.53333333329647,0.5,4/4,x,7,115,0
D5,259663.64444444445,259891.2,227.55555555556202,0.5,4/4,x,7,116,0
B4,259891.2,260004.97777777776,113.77777777775191,0.5,4/4,x,7,116,0
A4,260004.97777777776,260141.51111111112,136.53333333335468,0.5,4/4,x,7,116,0
G4,260141.51111111112,260346.3111111111,204.79999999998836,0.5,4/4,x,7,116,0
E5,260346.3111111111,260414.57777777777,68.26666666666279,0.5,4/4,x,7,116,0
C5,260414.57777777777,260551.1111111111,136.53333333332557,0.5,4/4,x,7,116,0
B4,260551.1111111111,260619.3777777778,68.26666666669189,0.5,4/4,x,7,116,0
A4,260619.3777777778,260778.66666666666,159.28888888887013,0.5,4/4,x,7,116,0
D5,260778.66666666666,260960.7111111111,182.0444444444438,0.5,4/4,x,7,117,0
B4,260960.7111111111,261142.75555555554,182.0444444444438,0.5,4/4,x,7,117,0
G4,261142.75555555554,261506.84444444443,364.0888888888876,1.0,4/4,x,7,117,0
0,261506.84444444443,262007.46666666667,500.62222222224227,1.0,4/4,.,7,117,0
A4,262007.46666666667,262166.7555555555,159.28888888884103,0.5,4/4,x,7,117,0
B4,262166.7555555555,262280.5333333333,113.77777777781012,0.5,4/4,x,7,117,0
C5,262280.5333333333,262735.64444444445,455.11111111112405,1.0,4/4,x,7,118,0
C6,262735.64444444445,264078.22222222225,1342.5777777777985,1.0,4/4,x,7,118,0
C6,264078.22222222225,264100.97777777776,22.755555555515457,1.0,4/4,x,7,118,0
C6,264100.97777777776,264123.73333333334,22.755555555573665,1.0,4/4,x,7,118,0
E5,264123.73333333334,264351.2888888889,227.55555555556202,0.5,4/4,x,7,119,0
C6,264351.2888888889,265238.7555555555,887.4666666666162,0.5,4/4,x,7,119,0
C6,265238.7555555555,265261.51111111115,22.755555555631872,0.5,4/4,x,7,119,0
C6,265261.51111111115,265284.26666666666,22.755555555515457,0.5,4/4,x,7,119,0
C6,265284.26666666666,265307.0222222222,22.755555555515457,0.5,4/4,x,7,119,0
C6,265307.0222222222,265329.7777777778,22.755555555631872,0.5,4/4,x,7,119,0
C6,265329.7777777778,265352.5333333333,22.755555555515457,0.5,4/4,x,7,119,0
C6,265352.5333333333,265375.28888888884,22.755555555515457,0.5,4/4,x,7,119,0
F♯5,265375.28888888884,265671.11111111107,295.8222222222248,1.0,4/4,x,7,120,0
C6,265671.11111111107,266558.5777777778,887.4666666667326,1.0,4/4,x,7,120,0
C6,266558.5777777778,266581.3333333334,22.755555555573665,1.0,4/4,x,7,120,0
C6,266581.3333333334,266604.0888888889,22.755555555515457,1.0,4/4,x,7,120,0
G4,266604.0888888889,266922.6666666667,318.5777777777985,0.5,4/4,x,7,121,0
B5,266922.6666666667,267946.6666666667,1024.0,0.5,4/4,x,7,121,0
B5,267946.6666666667,267969.42222222226,22.755555555573665,0.5,4/4,x,7,121,0
B5,267969.42222222226,267992.1777777778,22.755555555515457,0.5,4/4,x,7,121,0
B5,267992.1777777778,268014.9333333333,22.755555555515457,0.5,4/4,x,7,121,0
B5,268014.9333333333,268037.6888888889,22.755555555631872,0.5,4/4,x,7,121,0
B5,268037.6888888889,268060.44444444444,22.755555555515457,0.5,4/4,x,7,121,0
B5,268060.44444444444,268083.19999999995,22.755555555515457,0.5,4/4,x,7,121,0
C5,268083.19999999995,268151.4666666667,68.266666666721,1.0,4/4,x,7,122,0
B5,268151.4666666667,269243.73333333334,1092.2666666666628,1.0,4/4,x,7,122,0
B5,269243.73333333334,269266.4888888889,22.755555555573665,1.0,4/4,x,7,122,0
B5,269266.4888888889,269289.2444444444,22.755555555515457,1.0,4/4,x,7,122,0
C♯5,269289.2444444444,269767.11111111107,477.8666666666395,1.0,4/4,x,7,123,0
B5,269767.11111111107,269949.15555555554,182.0444444444729,0.5,4/4,x,7,123,0
G5,269949.15555555554,270153.9555555556,204.80000000004657,0.5,4/4,x,7,123,0
A5,270153.9555555556,270358.7555555556,204.79999999998836,0.5,4/4,x,7,123,0
F♯5,270358.7555555556,270427.0222222222,68.26666666660458,0.5,4/4,x,7,123,0
G5,270427.0222222222,270631.8222222222,204.80000000004657,0.5,4/4,x,7,123,0
E5,270631.8222222222,270700.0888888889,68.26666666666279,0.5,4/4,x,7,123,0
F♯5,270700.0888888889,270904.8888888889,204.79999999998836,0.5,4/4,x,7,124,0
D5,270904.8888888889,271064.1777777778,159.28888888889924,0.5,4/4,x,7,124,0
G5,271064.1777777778,271246.22222222225,182.0444444444729,0.5,4/4,x,7,124,0
E5,271246.22222222225,271314.4888888889,68.26666666666279,0.5,4/4,x,7,124,0
F♯5,271314.4888888889,271451.0222222222,136.53333333326736,0.5,4/4,x,7,124,0
D5,271451.0222222222,271633.06666666665,182.0444444444729,0.5,4/4,x,7,124,0
G5,271633.06666666665,271769.60000000003,136.53333333338378,0.5,4/4,x,7,124,0
E5,271769.60000000003,271837.8666666667,68.26666666666279,0.5,4/4,x,7,124,0
F♯5,271837.8666666667,271974.4,136.53333333332557,0.5,4/4,x,7,125,0
D5,271974.4,272133.6888888889,159.28888888889924,0.5,4/4,x,7,125,0
A5,272133.6888888889,272793.60000000003,659.9111111111124,1.0,4/4,x,7,125,0
0,272793.60000000003,273134.93333333335,341.33333333331393,1.0,4/4,.,7,125,0
C5,273134.93333333335,273521.7777777778,386.84444444446126,1.0,4/4,x,7,125,0
B4,273521.7777777778,273794.84444444446,273.06666666665114,0.5,4/4,x,7,126,0
G4,273794.84444444446,273976.8888888889,182.0444444444147,0.5,4/4,x,7,126,0
A4,273976.8888888889,274090.6666666667,113.77777777781012,0.5,4/4,x,7,126,0
B4,274090.6666666667,274204.44444444444,113.77777777775191,0.5,4/4,x,7,126,0
C5,274204.44444444444,274318.22222222225,113.77777777781012,0.5,4/4,x,7,126,0
D5,274318.22222222225,274454.7555555556,136.53333333332557,0.5,4/4,x,7,126,0
E5,274454.7555555556,274545.7777777778,91.02222222223645,0.5,4/4,x,7,126,0
F♯5,274545.7777777778,274682.31111111114,136.53333333332557,0.5,4/4,x,7,126,0
G5,274682.31111111114,275069.15555555554,386.84444444440305,1.5,4/4,x,7,127,0
A5,275069.15555555554,275091.9111111111,22.755555555573665,0.5,4/4,x,7,127,0
A5,275091.9111111111,275114.6666666667,22.755555555573665,1.5,4/4,x,7,127,0
G5,275114.6666666667,275137.4222222222,22.755555555515457,0.5,4/4,x,7,127,0
G5,275137.4222222222,275160.1777777778,22.755555555573665,0.5,4/4,x,7,128,0
B5,275160.1777777778,275615.28888888884,455.11111111106584,0.5,4/4,x,7,128,0
G5,275615.28888888884,276275.2,659.9111111111706,0.5,4/4,x,7,128,0
B5,276275.2,276457.2444444444,182.0444444444147,0.5,4/4,x,7,128,0
D5,276457.2444444444,276707.5555555555,250.31111111107748,0.5,4/4,x,7,128,0
G5,276707.5555555555,276730.31111111114,22.755555555631872,0.5,4/4,x,7,128,0
B4,276730.31111111114,276775.8222222222,45.51111111108912,0.5,4/4,x,7,128,0
D5,276775.8222222222,276935.1111111111,159.28888888889924,0.5,4/4,x,7,128,0
G4,276935.1111111111,278687.2888888889,1752.1777777777752,3.0,4/4,x,7,129,0
F♯5,278687.2888888889,278983.1111111111,295.8222222222248,0.5,4/4,x,7,109,1
G5,278983.1111111111,279301.68888888886,318.57777777774027,0.5,4/4,x,7,109,1
A5,279301.68888888886,280667.02222222224,1365.3333333333721,1.5,4/4,x,7,110,1
B5,280667.02222222224,280780.8,113.77777777775191,0.5,4/4,x,7,110,1
A5,280780.8,280826.31111111114,45.51111111114733,1.5,4/4,x,7,110,1
B5,280826.31111111114,280894.5777777778,68.26666666666279,0.5,4/4,x,7,110,1
A5,280894.5777777778,281531.7333333333,637.1555555554805,3.0,4/4,x,7,111,1
F♯5,281531.7333333333,281713.77777777775,182.0444444444729,0.5,4/4,x,7,111,1
G5,281713.77777777775,281941.3333333333,227.55555555556202,0.5,4/4,x,7,111,1
A5,281941.3333333333,282123.3777777778,182.0444444444729,0.5,4/4,x,7,112,1
F♯5,282123.3777777778,282305.4222222222,182.0444444444147,0.5,4/4,x,7,112,1
E5,282305.4222222222,282328.1777777778,22.755555555573665,0.5,4/4,x,7,112,1
D5,282328.1777777778,282464.7111111111,136.53333333332557,0.5,4/4,x,7,112,1
B5,282464.7111111111,282692.26666666666,227.55555555556202,0.5,4/4,x,7,112,1
G5,282692.26666666666,282783.2888888889,91.02222222223645,0.5,4/4,x,7,112,1
F♯5,282783.2888888889,282919.82222222217,136.53333333326736,0.5,4/4,x,7,112,1
E5,282919.82222222217,282988.0888888889,68.266666666721,0.5,4/4,x,7,112,1
A5,282988.0888888889,283261.15555555554,273.06666666665114,0.5,4/4,x,7,113,1
F♯5,283261.15555555554,283283.9111111111,22.755555555573665,0.5,4/4,x,7,113,1
D5,283283.9111111111,283875.55555555556,591.6444444444496,1.0,4/4,x,7,113,1
0,283875.55555555556,284467.2,591.6444444444496,1.0,4/4,.,7,113,1
E5,284467.2,284603.73333333334,136.53333333332557,0.5,4/4,x,7,113,1
F♯5,284603.73333333334,284808.5333333333,204.79999999998836,0.5,4/4,x,7,113,1
G5,284808.5333333333,285900.8,1092.2666666666628,1.5,4/4,x,7,114,1
A5,285900.8,286151.1111111111,250.3111111111357,0.5,4/4,x,7,114,1
G5,286151.1111111111,286242.13333333336,91.02222222223645,1.5,4/4,x,7,114,1
A5,286242.13333333336,287038.5777777778,796.444444444438,0.5,4/4,x,7,114,1
G5,287038.5777777778,287220.6222222222,182.0444444444147,3.0,4/4,x,7,115,1
B4,287220.6222222222,287402.6666666667,182.0444444444729,0.5,4/4,x,7,115,1
C5,287402.6666666667,287539.2,136.53333333332557,0.5,4/4,x,7,115,1
D5,287539.2,287812.26666666666,273.06666666665114,0.5,4/4,x,7,116,1
B4,287812.26666666666,287948.8,136.53333333332557,0.5,4/4,x,7,116,1
A4,287948.8,288062.5777777778,113.77777777781012,0.5,4/4,x,7,116,1
G4,288062.5777777778,288244.6222222222,182.0444444444147,0.5,4/4,x,7,116,1
E5,288244.6222222222,288358.4,113.77777777781012,0.5,4/4,x,7,116,1
C5,288358.4,288449.4222222222,91.02222222217824,0.5,4/4,x,7,116,1
B4,288449.4222222222,288585.9555555555,136.53333333332557,0.5,4/4,x,7,116,1
A4,288585.9555555555,288722.4888888889,136.53333333338378,0.5,4/4,x,7,116,1
D5,288722.4888888889,288904.5333333333,182.0444444444147,0.5,4/4,x,7,117,1
B4,288904.5333333333,289018.31111111114,113.77777777781012,0.5,4/4,x,7,117,1
G4,289018.31111111114,289450.6666666667,432.3555555555504,1.0,4/4,x,7,117,1
0,289450.6666666667,289814.7555555556,364.0888888888876,1.0,4/4,.,7,117,1
A4,289814.7555555556,289951.2888888889,136.53333333332557,0.5,4/4,x,7,117,1
B4,289951.2888888889,290110.5777777778,159.28888888889924,0.5,4/4,x,7,117,1
C5,290110.5777777778,290542.93333333335,432.3555555555504,1.0,4/4,x,7,118,1
C6,290542.93333333335,291475.9111111111,932.9777777777635,1.0,4/4,x,7,118,1
C6,291475.9111111111,291498.6666666667,22.755555555573665,1.0,4/4,x,7,118,1
C6,291498.6666666667,291521.4222222222,22.755555555515457,1.0,4/4,x,7,118,1
E5,291521.4222222222,291726.22222222225,204.80000000004657,0.5,4/4,x,7,119,1
C6,291726.22222222225,292568.17777777783,841.9555555555853,0.5,4/4,x,7,119,1
C6,292568.17777777783,292590.93333333335,22.755555555515457,0.5,4/4,x,7,119,1
C6,292590.93333333335,292613.68888888886,22.755555555515457,0.5,4/4,x,7,119,1
C6,292613.68888888886,292636.44444444444,22.755555555573665,0.5,4/4,x,7,119,1
C6,292636.44444444444,292659.2,22.755555555573665,0.5,4/4,x,7,119,1
C6,292659.2,292681.9555555555,22.755555555515457,0.5,4/4,x,7,119,1
C6,292681.9555555555,292704.7111111111,22.755555555573665,0.5,4/4,x,7,119,1
F♯5,292704.7111111111,293068.8,364.0888888888876,1.0,4/4,x,7,120,1
C6,293068.8,293979.02222222224,910.2222222222481,1.0,4/4,x,7,120,1
C6,293979.02222222224,294001.77777777775,22.755555555515457,1.0,4/4,x,7,120,1
C6,294001.77777777775,294024.5333333333,22.755555555573665,1.0,4/4,x,7,120,1
G4,294024.5333333333,294320.35555555555,295.8222222222248,0.5,4/4,x,7,121,1
B5,294320.35555555555,295367.1111111111,1046.7555555555737,0.5,4/4,x,7,121,1
B5,295367.1111111111,295389.86666666664,22.755555555515457,0.5,4/4,x,7,121,1
B5,295389.86666666664,295412.6222222222,22.755555555573665,0.5,4/4,x,7,121,1
B5,295412.6222222222,295435.3777777778,22.755555555573665,0.5,4/4,x,7,121,1
B5,295435.3777777778,295458.1333333333,22.755555555515457,0.5,4/4,x,7,121,1
B5,295458.1333333333,295480.8888888889,22.755555555573665,0.5,4/4,x,7,121,1
B5,295480.8888888889,295503.64444444445,22.755555555573665,0.5,4/4,x,7,121,1
C5,295503.64444444445,295526.4,22.755555555573665,1.0,4/4,x,7,122,1
B5,295526.4,296641.4222222222,1115.0222222221782,1.0,4/4,x,7,122,1
B5,296641.4222222222,296664.1777777778,22.755555555573665,1.0,4/4,x,7,122,1
B5,296664.1777777778,296686.93333333335,22.755555555573665,1.0,4/4,x,7,122,1
C♯5,296686.93333333335,297233.06666666665,546.1333333333023,1.0,4/4,x,7,123,1
B5,297233.06666666665,297415.1111111111,182.0444444444729,0.5,4/4,x,7,123,1
G5,297415.1111111111,297619.9111111111,204.79999999998836,0.5,4/4,x,7,123,1
A5,297619.9111111111,297733.68888888886,113.77777777775191,0.5,4/4,x,7,123,1
F♯5,297733.68888888886,297870.2222222222,136.53333333332557,0.5,4/4,x,7,123,1
G5,297870.2222222222,298006.7555555556,136.53333333338378,0.5,4/4,x,7,123,1
E5,298006.7555555556,298143.2888888889,136.53333333332557,0.5,4/4,x,7,123,1
F♯5,298143.2888888889,298325.3333333333,182.0444444444147,0.5,4/4,x,7,124,1
D5,298325.3333333333,298484.6222222223,159.28888888895744,0.5,4/4,x,7,124,1
G5,298484.6222222223,298643.9111111111,159.28888888884103,0.5,4/4,x,7,124,1
E5,298643.9111111111,298712.1777777778,68.26666666666279,0.5,4/4,x,7,124,1
F♯5,298712.1777777778,298871.4666666667,159.28888888889924,0.5,4/4,x,7,124,1
D5,298871.4666666667,299008.0,136.53333333332557,0.5,4/4,x,7,124,1
G5,299008.0,299212.8,204.79999999998836,0.5,4/4,x,7,124,1
E5,299212.8,299258.3111111111,45.51111111108912,0.5,4/4,x,7,124,1
F♯5,299258.3111111111,299394.84444444446,136.53333333338378,0.5,4/4,x,7,125,1
D5,299394.84444444446,299531.3777777778,136.53333333332557,0.5,4/4,x,7,125,1
A5,299531.3777777778,300236.8,705.4222222222015,1.0,4/4,x,7,125,1
0,300236.8,300464.35555555555,227.55555555556202,1.0,4/4,.,7,125,1
C5,300464.35555555555,300896.71111111116,432.3555555556086,1.0,4/4,x,7,125,1
B4,300896.71111111116,301192.5333333334,295.8222222222248,0.5,4/4,x,7,126,1
G4,301192.5333333334,301329.06666666665,136.53333333326736,0.5,4/4,x,7,126,1
A4,301329.06666666665,301465.6,136.53333333332557,0.5,4/4,x,7,126,1
B4,301465.6,301579.3777777778,113.77777777781012,0.5,4/4,x,7,126,1
C5,301579.3777777778,301715.9111111111,136.53333333332557,0.5,4/4,x,7,126,1
D5,301715.9111111111,301829.68888888886,113.77777777775191,0.5,4/4,x,7,126,1
E5,301829.68888888886,301943.4666666667,113.77777777781012,0.5,4/4,x,7,126,1
F♯5,301943.4666666667,302171.02222222224,227.55555555556202,0.5,4/4,x,7,126,1
G5,302171.02222222224,302626.1333333333,455.11111111106584,1.5,4/4,x,7,127,1
A5,302626.1333333333,303126.7555555556,500.6222222222714,0.5,4/4,x,7,127,1
A5,303126.7555555556,303149.5111111111,22.755555555515457,1.5,4/4,x,7,127,1
G5,303149.5111111111,303468.0888888889,318.5777777777985,0.5,4/4,x,7,127,1
G5,303468.0888888889,303490.84444444446,22.755555555573665,0.5,4/4,x,7,128,1
B5,303490.84444444446,303581.86666666664,91.02222222217824,0.5,4/4,x,7,128,1
G5,303581.86666666664,303695.64444444445,113.77777777781012,0.5,4/4,x,7,128,1
B5,303695.64444444445,303877.68888888886,182.0444444444147,0.5,4/4,x,7,128,1
D5,303877.68888888886,304014.2222222222,136.53333333332557,0.5,4/4,x,7,128,1
G5,304014.2222222222,304128.0,113.77777777781012,0.5,4/4,x,7,128,1
B4,304128.0,304264.5333333334,136.53333333338378,0.5,4/4,x,7,128,1
D5,304264.5333333334,304469.3333333333,204.79999999993015,0.5,4/4,x,7,128,1
G4,304469.3333333333,306972.44444444444,2503.111111111124,3.0,4/4,x,7,129,1
D5,306972.44444444444,307291.02222222224,318.5777777777985,1.0,4/4,x,7,70,2
G5,307291.02222222224,307632.35555555555,341.33333333331393,0.5,4/4,x,7,71,2
A5,307632.35555555555,307677.86666666664,45.51111111108912,0.5,4/4,x,7,71,2
B♭5,307677.86666666664,307746.1333333333,68.26666666666279,1.0,4/4,x,7,71,2
A5,307746.1333333333,307996.44444444444,250.3111111111357,1.0,4/4,x,7,71,2
G5,307996.44444444444,308224.0,227.55555555556202,1.0,4/4,x,7,71,2
F♯5,308224.0,308428.80000000005,204.80000000004657,1.0,4/4,x,7,72,2
G5,308428.80000000005,308656.35555555555,227.55555555550382,1.0,4/4,x,7,72,2
D5,308656.35555555555,308838.39999999997,182.0444444444147,1.0,4/4,x,7,72,2
G5,308838.39999999997,309088.71111111116,250.3111111111939,1.0,4/4,x,7,72,2
D6,309088.71111111116,309316.26666666666,227.55555555550382,1.0,4/4,x,7,73,2
G5,309316.26666666666,309543.8222222222,227.55555555556202,1.0,4/4,x,7,73,2
F♯5,309543.8222222222,309748.6222222222,204.79999999998836,1.0,4/4,x,7,73,2
G5,309748.6222222222,309953.4222222222,204.79999999998836,1.0,4/4,x,7,73,2
A5,309953.4222222222,310067.2,113.77777777781012,0.5,4/4,x,7,74,2
G5,310067.2,310158.2222222222,91.02222222217824,0.5,4/4,x,7,74,2
A5,310158.2222222222,310249.2444444445,91.02222222229466,0.5,4/4,x,7,74,2
B♭5,310249.2444444445,310317.5111111111,68.26666666660458,0.5,4/4,x,7,74,2
A5,310317.5111111111,310590.57777777774,273.06666666665114,1.0,4/4,x,7,74,2
D5,310590.57777777774,310818.1333333333,227.55555555556202,1.0,4/4,x,7,74,2
G5,310818.1333333333,310909.1555555556,91.02222222229466,0.5,4/4,x,7,75,2
A5,310909.1555555556,311159.4666666667,250.31111111107748,0.5,4/4,x,7,75,2
B♭5,311159.4666666667,311204.9777777778,45.51111111114733,1.0,4/4,x,7,75,2
A5,311204.9777777778,311478.0444444444,273.06666666659294,1.0,4/4,x,7,75,2
G5,311478.0444444444,311705.6,227.55555555556202,1.0,4/4,x,7,75,2
F♯5,311705.6,311933.1555555556,227.55555555562023,1.0,4/4,x,7,76,2
G5,311933.1555555556,312115.2,182.0444444444147,1.0,4/4,x,7,76,2
D5,312115.2,312342.7555555555,227.55555555550382,1.0,4/4,x,7,76,2
G5,312342.7555555555,312547.55555555556,204.80000000004657,1.0,4/4,x,7,76,2
D6,312547.55555555556,312752.35555555555,204.79999999998836,1.0,4/4,x,7,77,2
G5,312752.35555555555,313002.6666666666,250.31111111107748,1.0,4/4,x,7,77,2
F♯5,313002.6666666666,313207.4666666667,204.80000000004657,1.0,4/4,x,7,77,2
G5,313207.4666666667,313412.26666666666,204.79999999998836,1.0,4/4,x,7,77,2
D5,313412.26666666666,313662.57777777774,250.31111111107748,0.5,4/4,x,7,78,2
F♯5,313662.57777777774,313730.84444444446,68.266666666721,0.5,4/4,x,7,78,2
A5,313730.84444444446,314208.7111111111,477.8666666666395,2.0,4/4,x,7,78,2
D5,314208.7111111111,314481.77777777775,273.06666666665114,1.0,4/4,x,7,70,3
G5,314481.77777777775,314595.55555555556,113.77777777781012,0.5,4/4,x,7,71,3
A5,314595.55555555556,314663.8222222222,68.26666666666279,0.5,4/4,x,7,71,3
B♭5,314663.8222222222,314891.3777777778,227.55555555556202,1.0,4/4,x,7,71,3
A5,314891.3777777778,315118.93333333335,227.55555555556202,1.0,4/4,x,7,71,3
G5,315118.93333333335,315346.48888888885,227.55555555550382,1.0,4/4,x,7,71,3
F♯5,315346.48888888885,315551.2888888889,204.80000000004657,1.0,4/4,x,7,72,3
G5,315551.2888888889,315778.8444444444,227.55555555550382,1.0,4/4,x,7,72,3
D5,315778.8444444444,315983.64444444445,204.80000000004657,1.0,4/4,x,7,72,3
G5,315983.64444444445,316211.2,227.55555555556202,1.0,4/4,x,7,72,3
D6,316211.2,316461.51111111115,250.3111111111357,1.0,4/4,x,7,73,3
G5,316461.51111111115,316666.3111111111,204.79999999993015,1.0,4/4,x,7,73,3
F♯5,316666.3111111111,316871.1111111111,204.80000000004657,1.0,4/4,x,7,73,3
G5,316871.1111111111,317075.9111111111,204.79999999998836,1.0,4/4,x,7,73,3
A5,317075.9111111111,317212.44444444444,136.53333333332557,0.5,4/4,x,7,74,3
G5,317212.44444444444,317303.4666666667,91.02222222223645,0.5,4/4,x,7,74,3
A5,317303.4666666667,317348.9777777778,45.51111111114733,0.5,4/4,x,7,74,3
B♭5,317348.9777777778,317462.7555555555,113.7777777776937,0.5,4/4,x,7,74,3
A5,317462.7555555555,317690.3111111111,227.55555555556202,1.0,4/4,x,7,74,3
D5,317690.3111111111,317917.8666666667,227.55555555562023,1.0,4/4,x,7,74,3
G5,317917.8666666667,318031.64444444445,113.77777777775191,0.5,4/4,x,7,75,3
A5,318031.64444444445,318077.1555555556,45.51111111114733,0.5,4/4,x,7,75,3
B♭5,318077.1555555556,318350.2222222222,273.06666666659294,1.0,4/4,x,7,75,3
A5,318350.2222222222,318555.02222222224,204.80000000004657,1.0,4/4,x,7,75,3
G5,318555.02222222224,318805.3333333334,250.3111111111357,1.0,4/4,x,7,75,3
F♯5,318805.3333333334,319010.1333333333,204.79999999993015,1.0,4/4,x,7,76,3
G5,319010.1333333333,319214.9333333333,204.79999999998836,1.0,4/4,x,7,76,3
D5,319214.9333333333,319419.73333333334,204.80000000004657,1.0,4/4,x,7,76,3
G5,319419.73333333334,319647.2888888889,227.55555555556202,1.0,4/4,x,7,76,3
D6,319647.2888888889,319874.8444444444,227.55555555550382,1.0,4/4,x,7,77,3
G5,319874.8444444444,320079.64444444445,204.80000000004657,1.0,4/4,x,7,77,3
F♯5,320079.64444444445,320307.2,227.55555555556202,1.0,4/4,x,7,77,3
G5,320307.2,320580.26666666666,273.06666666665114,1.0,4/4,x,7,77,3
D5,320580.26666666666,320762.3111111111,182.0444444444147,0.5,4/4,x,7,78,3
F♯5,320762.3111111111,320898.8444444444,136.53333333332557,0.5,4/4,x,7,78,3
A5,320898.8444444444,321536.0,637.155555555597,2.0,4/4,x,7,78,3
D6,321536.0,321695.2888888889,159.28888888889924,0.5,4/4,x,7,79,2
C♯6,321695.2888888889,321740.8,45.51111111108912,0.5,4/4,x,7,79,2
D6,321740.8,322013.8666666667,273.06666666670935,1.0,4/4,x,7,80,2
C6,322013.8666666667,322104.8888888889,91.02222222217824,0.5,4/4,x,7,80,2
B5,322104.8888888889,322195.9111111111,91.02222222223645,0.5,4/4,x,7,80,2
C6,322195.9111111111,322446.2222222222,250.31111111107748,1.0,4/4,x,7,80,2
B♭5,322446.2222222222,322537.2444444445,91.02222222229466,0.5,4/4,x,7,80,2
A5,322537.2444444445,322605.51111111115,68.26666666666279,0.5,4/4,x,7,80,2
B♭5,322605.51111111115,322833.06666666665,227.55555555550382,1.0,4/4,x,7,81,2
A5,322833.06666666665,323879.8222222222,1046.7555555555737,0.5,4/4,x,7,81,2
G5,323879.8222222222,325495.4666666667,1615.6444444444496,0.5,4/4,x,7,81,2
A5,325495.4666666667,325518.22222222225,22.755555555573665,1.0,4/4,x,7,81,2
A5,325518.22222222225,325540.97777777776,22.755555555515457,0.5,4/4,x,7,81,2
C6,325540.97777777776,325973.3333333334,432.3555555556086,0.5,4/4,x,7,81,2
B♭5,325973.3333333334,326360.1777777778,386.84444444440305,1.0,4/4,x,7,82,2
A5,326360.1777777778,327429.6888888889,1069.5111111111473,1.0,4/4,x,7,82,2
G5,327429.6888888889,327657.2444444445,227.55555555556202,1.0,4/4,x,7,82,2
A5,327657.2444444445,327748.26666666666,91.02222222217824,0.5,4/4,x,7,82,2
F♯5,327748.26666666666,328066.8444444444,318.57777777774027,0.5,4/4,x,7,82,2
G5,328066.8444444444,328612.97777777776,546.1333333333605,2.0,4/4,x,7,83,2
D5,328612.97777777776,328635.73333333334,22.755555555573665,1.0,4/4,x,7,83,2
D6,328635.73333333334,328772.26666666666,136.53333333332557,0.5,4/4,x,7,83,2
C♯6,328772.26666666666,328908.8,136.53333333332557,0.5,4/4,x,7,83,2
D6,328908.8,329204.6222222222,295.8222222222248,1.0,4/4,x,7,84,2
C6,329204.6222222222,329227.3777777778,22.755555555573665,0.5,4/4,x,7,84,2
B5,329227.3777777778,329363.9111111111,136.53333333332557,0.5,4/4,x,7,84,2
C6,329363.9111111111,329614.22222222225,250.3111111111357,1.0,4/4,x,7,84,2
B♭5,329614.22222222225,329659.73333333334,45.51111111108912,0.5,4/4,x,7,84,2
A5,329659.73333333334,329705.2444444444,45.51111111108912,0.5,4/4,x,7,84,2
B♭5,329705.2444444444,329955.55555555556,250.3111111111357,1.0,4/4,x,7,85,2
A5,329955.55555555556,330979.55555555556,1024.0,0.5,4/4,x,7,85,2
G5,330979.55555555556,332481.42222222226,1501.8666666666977,0.5,4/4,x,7,85,2
A5,332481.42222222226,332504.1777777778,22.755555555515457,1.0,4/4,x,7,85,2
A5,332504.1777777778,332526.9333333333,22.755555555515457,0.5,4/4,x,7,85,2
C6,332526.9333333333,332959.28888888884,432.3555555555504,0.5,4/4,x,7,85,2
B♭5,332959.28888888884,333050.31111111114,91.02222222229466,1.0,4/4,x,7,86,2
A5,333050.31111111114,334597.6888888889,1547.3777777777868,1.0,4/4,x,7,86,2
G5,334597.6888888889,334984.5333333333,386.84444444440305,1.0,4/4,x,7,86,2
A5,334984.5333333333,335075.55555555556,91.02222222223645,0.5,4/4,x,7,86,2
F♯5,335075.55555555556,335348.6222222222,273.06666666665114,0.5,4/4,x,7,86,2
G4,335348.6222222222,335576.1777777778,227.55555555556202,0.5,4/4,x,7,87,2
D5,335576.1777777778,335712.7111111111,136.53333333332557,0.5,4/4,x,7,87,2
G5,335712.7111111111,337328.35555555555,1615.6444444444496,2.0,4/4,x,7,87,2
0,337328.35555555555,341629.15555555554,4300.799999999988,0,0,.,x,x,.
